[INFO] Running pipeline...
[INFO] CMD: python3 [INFO] CMD: /scratch/vfastovskii/tmp/279962/opt_net_fast.py [INFO] CMD: --labels [INFO] CMD: /scratch/vfastovskii/tmp/279962/master_table_labels_final_modelling_ready_1401_with_cv_split.csv [INFO] CMD: --feat2d_scaled [INFO] CMD: /scratch/vfastovskii/tmp/279962/scaled_2d.csv [INFO] CMD: --feat3d_scaled [INFO] CMD: /scratch/vfastovskii/tmp/279962/scaled_3d.csv [INFO] CMD: --feat3d_qm_scaled [INFO] CMD: /scratch/vfastovskii/tmp/279962/scaled_3d_quantum.csv [INFO] CMD: --study_dir [INFO] CMD: /scratch/vfastovskii/tmp/279962/study_279962 [INFO] CMD: --use_splits [INFO] CMD: train [INFO] CMD: --do_mil [INFO] CMD: --export_leaderboard_attn [INFO] CMD: --leaderboard_split [INFO] CMD: leaderboard [INFO] CMD: --attn_out [INFO] CMD: /scratch/vfastovskii/tmp/279962/study_279962/leaderboard_attn.csv [INFO] CMD: --max_epochs [INFO] CMD: 150 [INFO] CMD: --patience [INFO] CMD: 10 [INFO] CMD: --seed [INFO] CMD: 0 [INFO] CMD: --nn_accelerator [INFO] CMD: gpu [INFO] CMD: --nn_devices [INFO] CMD: 1 [INFO] CMD: --precision [INFO] CMD: 16-mixed [INFO] CMD: --num_workers [INFO] CMD: 23 [INFO] CMD: --cpu_workers [INFO] CMD: 23 [INFO] CMD: --best_params_json [INFO] CMD: /scratch/vfastovskii/tmp/279962/best_params_279756.json [INFO] CMD: --run_chem_ace [INFO] CMD: --curated_smiles_col [INFO] CMD: curated_SMILES [INFO] CMD: --chem_ace_conformer_sdf [INFO] CMD: /scratch/vfastovskii/tmp/279962/full_data_set_confs.sdf [INFO] CMD: --chem_ace_sdf_conf_id_prop [INFO] CMD: _Name [INFO] CMD: --chem_ace_max_ids [INFO] CMD: 0 [INFO] CMD: --chem_ace_max_confs_per_id [INFO] CMD: 0 [INFO] CMD: --chem_ace_local_radii [INFO] CMD: 1 [INFO] CMD: --chem_ace_patch_cap_per_mol [INFO] CMD: 0 [INFO] CMD: --chem_ace_target_total_patches [INFO] CMD: 12000 [INFO] CMD: --chem_ace_max_2d_dim [INFO] CMD: 0 [INFO] CMD: --chem_ace_max_3dqm_dim [INFO] CMD: 0 [INFO] CMD: --chem_ace_top_concepts [INFO] CMD: 64 [INFO] CMD: --chem_ace_infer_max_distance [INFO] CMD: -1.0 [INFO] CMD: --no-chem_ace_persist_patch_embeddings [INFO] CMD: --run_lambda_vol [INFO] CMD: --lambda_vol_layer_name [INFO] CMD: mixer_post_norm [INFO] CMD: --lambda_vol_top_concepts [INFO] CMD: 24 [INFO] CMD: --lambda_vol_monitor_max_samples [INFO] CMD: 512 [INFO] CMD: --lambda_vol_tcav_repeats [INFO] CMD: 2 [INFO] CMD: --lambda_vol_random_counterexamples [INFO] CMD: 96 [INFO] CMD: --lambda_vol_min_concept_samples [INFO] CMD: 8 [INFO] CMD: --lambda_vol_ricci_edge_keep_quantile [INFO] CMD: 0.75 [INFO] CMD: --lambda_vol_ricci_min_edge_weight [INFO] CMD: 0.05 [INFO] CMD: --lambda_vol_ricci_top_k_per_node [INFO] CMD: 4 [INFO] CMD: --lambda_vol_ricci_flow_steps [INFO] CMD: 8 [INFO] CMD: --lambda_vol_ricci_flow_step_size [INFO] CMD: 0.12 [INFO] CMD: --lambda_vol_ricci_coupling_strength [INFO] CMD: 0.05 [INFO] CMD: --lambda_vol_run_ricci [INFO] CMD: --lambda_vol_ricci_use_flow_as_coupling [INFO] CMD: --run_concept_rl [INFO] CMD: --concept_rl_top_k_per_task [INFO] CMD: 8 [INFO] CMD: --concept_rl_min_pos_coverage [INFO] CMD: 0.02 [INFO] CMD: --concept_rl_init_scale [INFO] CMD: 0.02 [INFO] CMD: --concept_rl_max_scale [INFO] CMD: 0.20 [INFO] CMD: --concept_rl_policy_lr [INFO] CMD: 0.05 [INFO] CMD: --concept_rl_policy_sigma [INFO] CMD: 0.02 [INFO] CMD: --concept_rl_reward_alignment_w [INFO] CMD: 0.25 [INFO] CMD: --concept_rl_baseline_momentum [INFO] CMD: 0.90 
[2026-02-24 19:52:33] [START] pipeline.main
[2026-02-24 19:52:33] [INFO] pipeline.main.args run_hpo=False study_dir=/scratch/vfastovskii/tmp/279962/study_279962 num_workers=23 cpu_workers=23 run_chem_ace=True run_lambda_vol=True run_concept_rl=True
[2026-02-24 19:52:33] [START] pipeline.run run_hpo=False study_dir=/scratch/vfastovskii/tmp/279962/study_279962
[2026-02-24 19:52:33] [START] pipeline.prepare_environment
[2026-02-24 19:52:33] [START] pipeline.prepare_environment seed=0 study_dir=/scratch/vfastovskii/tmp/279962/study_279962
[2026-02-24 19:52:33] [INFO] pipeline.run_meta_written path=/scratch/vfastovskii/tmp/279962/study_279962/run_meta.json
[2026-02-24 19:52:33] [INFO] pipeline.dataloader_runtime num_workers=23 cpu_workers=23 pin_memory=False precision=16-mixed
[2026-02-24 19:52:33] [DONE] pipeline.prepare_environment elapsed_s=0.03
[2026-02-24 19:52:33] [DONE] pipeline.prepare_environment elapsed_s=0.03
[2026-02-24 19:52:33] [START] pipeline.build_hpo_data
[2026-02-24 19:52:33] [START] hpo_data.build labels=/scratch/vfastovskii/tmp/279962/master_table_labels_final_modelling_ready_1401_with_cv_split.csv use_splits=['train']
[2026-02-24 19:52:33] [START] hpo_data.load_labels
[2026-02-24 19:52:33] [INFO] hpo_data.labels_loaded n_rows=113158
[2026-02-24 19:52:33] [DONE] hpo_data.load_labels elapsed_s=0.44
[2026-02-24 19:52:33] [START] hpo_data.filter_splits
[2026-02-24 19:52:33] [INFO] hpo_data.hpo_rows n_rows=68972
[2026-02-24 19:52:33] [DONE] hpo_data.filter_splits elapsed_s=0.03
[2026-02-24 19:52:33] [START] hpo_data.load_and_align_2d
[DATA-2D] rows=113158 unique_ids=98392 duplicated_ids=14766 total_extra_rows=14766
[DATA-2D] duplicate ID examples (up to 10): 10018×2, 69936×2, 69941×2, 69946×2, 69953×2, 69957×2, 69962×2, 6997×2, 69971×2, 69980×2
[2026-02-24 19:52:43] [INFO] hpo_data.2d_ready n_ids=68972 dim_2d=733
[2026-02-24 19:52:43] [DONE] hpo_data.load_and_align_2d elapsed_s=9.73
[2026-02-24 19:52:43] [START] hpo_data.targets_and_weights
[2026-02-24 19:52:43] [DONE] hpo_data.targets_and_weights elapsed_s=0.01
[2026-02-24 19:52:43] [START] hpo_data.resolve_folds
[2026-02-24 19:52:43] [INFO] hpo_data.folds folds=[0, 1, 2] n_folds=3
[2026-02-24 19:52:43] [DONE] hpo_data.resolve_folds elapsed_s=0.00
[2026-02-24 19:52:43] [START] hpo_data.load_and_merge_instances
[DATA-3D-GEOM] rows=238805 unique_ids=68972 unique_pairs=238805 duplicated_pairs=0
[DATA-3D-QM] rows=238805 unique_ids=68972 unique_pairs=238805 duplicated_pairs=0
[DATA-3D-MERGE] paired_rows=238805 geom_dim=273 qm_dim=36 inst_dim=309
[2026-02-24 19:53:20] [INFO] hpo_data.instances_ready n_conf=238805 inst_dim=309 inst_geom_dim=273 inst_qm_dim=36 n_qm_cols=36 n_ids_with_bags=68972
[2026-02-24 19:53:20] [DONE] hpo_data.load_and_merge_instances elapsed_s=37.50
[2026-02-24 19:53:20] [START] hpo_data.drop_ids_without_bags_if_needed
[2026-02-24 19:53:20] [DONE] hpo_data.drop_ids_without_bags_if_needed elapsed_s=0.01
[2026-02-24 19:53:20] [START] hpo_data.build_cv_container
[2026-02-24 19:53:20] [INFO] hpo_data.summary n_ids=68972 dim_2d=733 n_conf=238805 inst_dim=309
[2026-02-24 19:53:20] [DONE] hpo_data.build_cv_container elapsed_s=0.00
[2026-02-24 19:53:20] [DONE] hpo_data.build elapsed_s=47.72
[2026-02-24 19:53:21] [DONE] pipeline.build_hpo_data elapsed_s=47.73
[2026-02-24 19:53:21] [INFO] pipeline.dataloader num_workers=23 cpu_workers=23 pin_memory=False precision=16-mixed
[2026-02-24 19:53:21] [START] pipeline.load_best_params
[2026-02-24 19:53:21] [START] pipeline._load_best_params
[2026-02-24 19:53:21] [INFO] pipeline.best_params_loaded path=/scratch/vfastovskii/tmp/279962/best_params_279756.json n_keys=48
[2026-02-24 19:53:21] [DONE] pipeline._load_best_params elapsed_s=0.00
[2026-02-24 19:53:21] [DONE] pipeline.load_best_params elapsed_s=0.00
[2026-02-24 19:53:21] [START] pipeline.run_final
[2026-02-24 19:53:21] [START] pipeline._run_final leaderboard_split=leaderboard
[2026-02-24 19:53:21] [START] pipeline.final.load_instances
[DATA-3D-GEOM] rows=340665 unique_ids=83738 unique_pairs=289735 duplicated_pairs=50930 duplicated_ids=14766 total_extra_rows=50930
[DATA-3D-GEOM] duplicate (ID,conf) examples (up to 10): 10018|10018_conf_0×2, 68457|68457_conf_3×2, 68457|68457_minE×2, 68459|68459_conf_0×2, 68459|68459_conf_1×2, 68459|68459_conf_2×2, 68459|68459_conf_3×2, 68459|68459_conf_5×2, 68459|68459_conf_6×2, 68459|68459_minE×2
[DATA-3D-QM] rows=340665 unique_ids=83738 unique_pairs=289735 duplicated_pairs=50930 duplicated_ids=14766 total_extra_rows=50930
[DATA-3D-QM] duplicate (ID,conf) examples (up to 10): 10018|10018_conf_0×2, 68457|68457_conf_3×2, 68457|68457_minE×2, 68459|68459_conf_0×2, 68459|68459_conf_1×2, 68459|68459_conf_2×2, 68459|68459_conf_3×2, 68459|68459_conf_5×2, 68459|68459_conf_6×2, 68459|68459_minE×2
[DATA-3D-MERGE] paired_rows=289735 geom_dim=273 qm_dim=36 inst_dim=309
[2026-02-24 19:53:49] [INFO] pipeline.final.instances_ready n_ids_with_bags=83738 n_conf=289735 inst_dim=309 inst_geom_dim=273 inst_qm_dim=36 n_geom_cols=273 n_qm_cols=36
[2026-02-24 19:53:49] [DONE] pipeline.final.load_instances elapsed_s=28.59
[2026-02-24 19:53:49] [START] pipeline.final.build_config
[2026-02-24 19:53:49] [DONE] pipeline.final.build_config elapsed_s=0.00
[2026-02-24 19:53:49] [START] pipeline.final.train_and_eval
[2026-02-24 19:53:49] [START] final.run outdir=/scratch/vfastovskii/tmp/279962/study_279962 leaderboard_split=leaderboard n_best_params=48
[2026-02-24 19:53:49] [INFO] final.prepare_splits
[2026-02-24 19:53:49] [INFO] final.split_counts n_train=68972 n_lb=14766
[2026-02-24 19:53:49] [INFO] final.align_2d_features
[2026-02-24 19:53:49] [INFO] final.drop_ids_without_bags
[2026-02-24 19:53:49] [INFO] final.ids_after_drop n_train=68972 n_lb=14766
[2026-02-24 19:53:49] [INFO] final.build_targets_and_weights
[2026-02-24 19:53:49] [INFO] final.standardize_aux_targets
[2026-02-24 19:53:49] [INFO] final.compute_loss_weighting
[2026-02-24 19:53:49] [INFO] final.explainability_flags run_chem_ace=True run_lambda_vol=True run_concept_rl=True
[2026-02-24 19:53:49] [INFO] final.prepare_chem_ace_bundle.start
[2026-02-24 19:53:49] [INFO] final.prepare_chem_ace_bundle.scope n_train_ids=68972 n_leaderboard_ids=14766 n_scope_ids=68972 scope_splits=train anti_leakage=enabled
[2026-02-24 19:53:49] [START] explainability.prepare_chem_ace_bundle outdir=/scratch/vfastovskii/tmp/279962/study_279962 cpu_workers=23 n_scope_ids_input=68972 n_infer_scope_ids_input=14766
[2026-02-24 19:53:49] [INFO] explainability.chem_ace.modalities modalities=2d+3d+3d_qm dim_2d_raw=733 dim_3d_geom=273 dim_3d_qm=36 dim_3dqm_merged_raw=309 dim_2d_cfg=0 dim_3dqm_cfg=0 dim_2d_used=733 dim_3dqm_used=309 n_geom_descriptor_cols=273 n_qm_descriptor_cols=36
[2026-02-24 19:54:52] [INFO] explainability.chem_ace.functional_rules.generated path=/scratch/vfastovskii/tmp/279962/study_279962/chem_ace/rules_autogen/default_functional_group_rules.dataset.json n_base_rules=52 n_generated_rules=61 n_total_rules=113 min_count=10 min_prevalence=0.0002 n_unique_smiles=98392
[2026-02-24 19:54:52] [INFO] explainability.chem_ace.patch_config local_radii=1 patch_cap_per_mol=0 target_total_patches=12000 persist_patch_embeddings=False
[2026-02-24 19:54:53] [INFO] explainability.chem_ace.run_started run_id=de8188c01b41c8d1545a835e1a107eaff4b807ee db_uri=sqlite:////scratch/vfastovskii/tmp/279962/study_279962/chem_ace/chem_ace.sqlite3
[2026-02-24 19:54:53] [INFO] explainability.chem_ace.scope_ids n_discover_ids_input=68972 n_discover_ids_selected=68972 n_infer_ids_input=14766 n_infer_ids_selected=14766 chem_ace_max_ids=0
[2026-02-24 19:54:55] [START] explainability.chem_ace.load_conformer_sdf path=/scratch/vfastovskii/tmp/279962/full_data_set_confs.sdf
[2026-02-24 19:57:03] [DONE] explainability.chem_ace.load_conformer_sdf elapsed_s=128.57
[2026-02-24 19:57:03] [INFO] explainability.chem_ace.sdf_ready path=/scratch/vfastovskii/tmp/279962/full_data_set_confs.sdf loaded=340115 duplicates=50930 skipped_none=0 skipped_no_conf_id=0 skipped_no_conformer=0
[2026-02-24 19:57:26] [INFO] explainability.chem_ace.conformers_ready phase=discover_train n_molecules=68972 n_molecules_with_conformers=68966 requested_conformers=238805 found_in_sdf=238793 skipped_missing=12 skipped_incompatible=0
[2026-02-24 19:57:31] [INFO] explainability.chem_ace.conformers_ready phase=infer_scope n_molecules=14766 n_molecules_with_conformers=14766 requested_conformers=50930 found_in_sdf=50930 skipped_missing=0 skipped_incompatible=0
[2026-02-24 19:57:31] [START] explainability.chem_ace.generate_patches phase=discover_train n_molecules=68972
[2026-02-24 19:57:31] [INFO] explainability.chem_ace.patch_budget n_molecules=68972 cap_per_molecule=16 target_total_patches=12000 phase=discover_train modalities=2d+3d+3d_qm dim_2d_used=733 dim_3dqm_used=309 dim_3d_geom=273 dim_3d_qm=36
[2026-02-24 19:57:50] [PROGRESS] explainability.chem_ace.generate_patches done=250/68972 pct=0.4 patches=4000 patches_2d=1854 patches_3d=2146 mols_with_conf_done=250/68966 mols_with_3d_patches_done=250 mol_per_s=13.33 eta_s=5156.9 cpu_workers=23 phase=discover_train modalities=2d+3d+3d_qm dim_2d_used=733 dim_3dqm_used=309 dim_3d_geom=273 dim_3d_qm=36
[2026-02-24 19:58:08] [PROGRESS] explainability.chem_ace.generate_patches done=500/68972 pct=0.7 patches=8000 patches_2d=3672 patches_3d=4328 mols_with_conf_done=500/68966 mols_with_3d_patches_done=500 mol_per_s=13.63 eta_s=5022.8 cpu_workers=23 phase=discover_train modalities=2d+3d+3d_qm dim_2d_used=733 dim_3dqm_used=309 dim_3d_geom=273 dim_3d_qm=36
[2026-02-24 19:58:24] [PROGRESS] explainability.chem_ace.generate_patches done=750/68972 pct=1.1 patches=12000 patches_2d=5598 patches_3d=6402 mols_with_conf_done=750/68966 mols_with_3d_patches_done=750 mol_per_s=14.36 eta_s=4749.2 cpu_workers=23 phase=discover_train modalities=2d+3d+3d_qm dim_2d_used=733 dim_3dqm_used=309 dim_3d_geom=273 dim_3d_qm=36
[2026-02-24 19:58:43] [PROGRESS] explainability.chem_ace.generate_patches done=1000/68972 pct=1.4 patches=16000 patches_2d=7356 patches_3d=8644 mols_with_conf_done=1000/68966 mols_with_3d_patches_done=1000 mol_per_s=13.90 eta_s=4890.3 cpu_workers=23 phase=discover_train modalities=2d+3d+3d_qm dim_2d_used=733 dim_3dqm_used=309 dim_3d_geom=273 dim_3d_qm=36
[2026-02-24 19:58:57] [PROGRESS] explainability.chem_ace.generate_patches done=1250/68972 pct=1.8 patches=20000 patches_2d=9437 patches_3d=10563 mols_with_conf_done=1250/68966 mols_with_3d_patches_done=1250 mol_per_s=14.57 eta_s=4648.6 cpu_workers=23 phase=discover_train modalities=2d+3d+3d_qm dim_2d_used=733 dim_3dqm_used=309 dim_3d_geom=273 dim_3d_qm=36
[2026-02-24 19:59:13] [PROGRESS] explainability.chem_ace.generate_patches done=1500/68972 pct=2.2 patches=24000 patches_2d=11366 patches_3d=12634 mols_with_conf_done=1500/68966 mols_with_3d_patches_done=1500 mol_per_s=14.83 eta_s=4551.1 cpu_workers=23 phase=discover_train modalities=2d+3d+3d_qm dim_2d_used=733 dim_3dqm_used=309 dim_3d_geom=273 dim_3d_qm=36
[2026-02-24 19:59:26] [PROGRESS] explainability.chem_ace.generate_patches done=1750/68972 pct=2.5 patches=28000 patches_2d=13391 patches_3d=14609 mols_with_conf_done=1750/68966 mols_with_3d_patches_done=1749 mol_per_s=15.22 eta_s=4415.4 cpu_workers=23 phase=discover_train modalities=2d+3d+3d_qm dim_2d_used=733 dim_3dqm_used=309 dim_3d_geom=273 dim_3d_qm=36
[2026-02-24 19:59:39] [PROGRESS] explainability.chem_ace.generate_patches done=2000/68972 pct=2.9 patches=32000 patches_2d=15422 patches_3d=16578 mols_with_conf_done=2000/68966 mols_with_3d_patches_done=1999 mol_per_s=15.72 eta_s=4261.1 cpu_workers=23 phase=discover_train modalities=2d+3d+3d_qm dim_2d_used=733 dim_3dqm_used=309 dim_3d_geom=273 dim_3d_qm=36
[2026-02-24 19:59:50] [PROGRESS] explainability.chem_ace.generate_patches done=2250/68972 pct=3.3 patches=36000 patches_2d=17615 patches_3d=18385 mols_with_conf_done=2250/68966 mols_with_3d_patches_done=2249 mol_per_s=16.22 eta_s=4112.4 cpu_workers=23 phase=discover_train modalities=2d+3d+3d_qm dim_2d_used=733 dim_3dqm_used=309 dim_3d_geom=273 dim_3d_qm=36
[2026-02-24 20:00:02] [PROGRESS] explainability.chem_ace.generate_patches done=2500/68972 pct=3.6 patches=40000 patches_2d=19903 patches_3d=20097 mols_with_conf_done=2500/68966 mols_with_3d_patches_done=2499 mol_per_s=16.66 eta_s=3988.7 cpu_workers=23 phase=discover_train modalities=2d+3d+3d_qm dim_2d_used=733 dim_3dqm_used=309 dim_3d_geom=273 dim_3d_qm=36
[2026-02-24 20:00:21] [PROGRESS] explainability.chem_ace.generate_patches done=2750/68972 pct=4.0 patches=44000 patches_2d=21887 patches_3d=22113 mols_with_conf_done=2750/68966 mols_with_3d_patches_done=2749 mol_per_s=16.25 eta_s=4075.3 cpu_workers=23 phase=discover_train modalities=2d+3d+3d_qm dim_2d_used=733 dim_3dqm_used=309 dim_3d_geom=273 dim_3d_qm=36
[2026-02-24 20:00:32] [PROGRESS] explainability.chem_ace.generate_patches done=3000/68972 pct=4.3 patches=48000 patches_2d=24091 patches_3d=23909 mols_with_conf_done=3000/68966 mols_with_3d_patches_done=2999 mol_per_s=16.66 eta_s=3960.2 cpu_workers=23 phase=discover_train modalities=2d+3d+3d_qm dim_2d_used=733 dim_3dqm_used=309 dim_3d_geom=273 dim_3d_qm=36
[2026-02-24 20:00:45] [PROGRESS] explainability.chem_ace.generate_patches done=3250/68972 pct=4.7 patches=52000 patches_2d=26183 patches_3d=25817 mols_with_conf_done=3250/68966 mols_with_3d_patches_done=3249 mol_per_s=16.82 eta_s=3906.9 cpu_workers=23 phase=discover_train modalities=2d+3d+3d_qm dim_2d_used=733 dim_3dqm_used=309 dim_3d_geom=273 dim_3d_qm=36
[2026-02-24 20:00:59] [PROGRESS] explainability.chem_ace.generate_patches done=3500/68972 pct=5.1 patches=56000 patches_2d=28325 patches_3d=27675 mols_with_conf_done=3500/68966 mols_with_3d_patches_done=3499 mol_per_s=16.90 eta_s=3873.1 cpu_workers=23 phase=discover_train modalities=2d+3d+3d_qm dim_2d_used=733 dim_3dqm_used=309 dim_3d_geom=273 dim_3d_qm=36
[2026-02-24 20:01:11] [PROGRESS] explainability.chem_ace.generate_patches done=3750/68972 pct=5.4 patches=60000 patches_2d=30440 patches_3d=29560 mols_with_conf_done=3750/68966 mols_with_3d_patches_done=3748 mol_per_s=17.08 eta_s=3818.2 cpu_workers=23 phase=discover_train modalities=2d+3d+3d_qm dim_2d_used=733 dim_3dqm_used=309 dim_3d_geom=273 dim_3d_qm=36
[2026-02-24 20:01:22] [PROGRESS] explainability.chem_ace.generate_patches done=4000/68972 pct=5.8 patches=64000 patches_2d=32620 patches_3d=31380 mols_with_conf_done=4000/68966 mols_with_3d_patches_done=3998 mol_per_s=17.34 eta_s=3747.6 cpu_workers=23 phase=discover_train modalities=2d+3d+3d_qm dim_2d_used=733 dim_3dqm_used=309 dim_3d_geom=273 dim_3d_qm=36
[2026-02-24 20:01:39] [PROGRESS] explainability.chem_ace.generate_patches done=4250/68972 pct=6.2 patches=68000 patches_2d=34481 patches_3d=33519 mols_with_conf_done=4249/68966 mols_with_3d_patches_done=4247 mol_per_s=17.17 eta_s=3770.1 cpu_workers=23 phase=discover_train modalities=2d+3d+3d_qm dim_2d_used=733 dim_3dqm_used=309 dim_3d_geom=273 dim_3d_qm=36
[2026-02-24 20:01:58] [PROGRESS] explainability.chem_ace.generate_patches done=4500/68972 pct=6.5 patches=72000 patches_2d=36334 patches_3d=35666 mols_with_conf_done=4499/68966 mols_with_3d_patches_done=4497 mol_per_s=16.89 eta_s=3817.0 cpu_workers=23 phase=discover_train modalities=2d+3d+3d_qm dim_2d_used=733 dim_3dqm_used=309 dim_3d_geom=273 dim_3d_qm=36
[2026-02-24 20:02:17] [PROGRESS] explainability.chem_ace.generate_patches done=4750/68972 pct=6.9 patches=76000 patches_2d=38142 patches_3d=37858 mols_with_conf_done=4749/68966 mols_with_3d_patches_done=4747 mol_per_s=16.61 eta_s=3865.6 cpu_workers=23 phase=discover_train modalities=2d+3d+3d_qm dim_2d_used=733 dim_3dqm_used=309 dim_3d_geom=273 dim_3d_qm=36
[2026-02-24 20:02:38] [PROGRESS] explainability.chem_ace.generate_patches done=5000/68972 pct=7.2 patches=80000 patches_2d=39859 patches_3d=40141 mols_with_conf_done=4999/68966 mols_with_3d_patches_done=4997 mol_per_s=16.34 eta_s=3916.0 cpu_workers=23 phase=discover_train modalities=2d+3d+3d_qm dim_2d_used=733 dim_3dqm_used=309 dim_3d_geom=273 dim_3d_qm=36
[2026-02-24 20:02:55] [PROGRESS] explainability.chem_ace.generate_patches done=5250/68972 pct=7.6 patches=84000 patches_2d=41838 patches_3d=42162 mols_with_conf_done=5249/68966 mols_with_3d_patches_done=5247 mol_per_s=16.25 eta_s=3921.9 cpu_workers=23 phase=discover_train modalities=2d+3d+3d_qm dim_2d_used=733 dim_3dqm_used=309 dim_3d_geom=273 dim_3d_qm=36
[2026-02-24 20:03:16] [PROGRESS] explainability.chem_ace.generate_patches done=5500/68972 pct=8.0 patches=88000 patches_2d=43588 patches_3d=44412 mols_with_conf_done=5499/68966 mols_with_3d_patches_done=5497 mol_per_s=15.97 eta_s=3973.4 cpu_workers=23 phase=discover_train modalities=2d+3d+3d_qm dim_2d_used=733 dim_3dqm_used=309 dim_3d_geom=273 dim_3d_qm=36
[2026-02-24 20:03:35] [PROGRESS] explainability.chem_ace.generate_patches done=5750/68972 pct=8.3 patches=92000 patches_2d=45518 patches_3d=46482 mols_with_conf_done=5749/68966 mols_with_3d_patches_done=5747 mol_per_s=15.84 eta_s=3991.7 cpu_workers=23 phase=discover_train modalities=2d+3d+3d_qm dim_2d_used=733 dim_3dqm_used=309 dim_3d_geom=273 dim_3d_qm=36
[2026-02-24 20:03:49] [PROGRESS] explainability.chem_ace.generate_patches done=6000/68972 pct=8.7 patches=96000 patches_2d=47493 patches_3d=48507 mols_with_conf_done=5999/68966 mols_with_3d_patches_done=5997 mol_per_s=15.91 eta_s=3957.7 cpu_workers=23 phase=discover_train modalities=2d+3d+3d_qm dim_2d_used=733 dim_3dqm_used=309 dim_3d_geom=273 dim_3d_qm=36
[2026-02-24 20:04:11] [PROGRESS] explainability.chem_ace.generate_patches done=6250/68972 pct=9.1 patches=100000 patches_2d=49257 patches_3d=50743 mols_with_conf_done=6249/68966 mols_with_3d_patches_done=6247 mol_per_s=15.65 eta_s=4007.8 cpu_workers=23 phase=discover_train modalities=2d+3d+3d_qm dim_2d_used=733 dim_3dqm_used=309 dim_3d_geom=273 dim_3d_qm=36
[2026-02-24 20:04:33] [PROGRESS] explainability.chem_ace.generate_patches done=6500/68972 pct=9.4 patches=104000 patches_2d=50999 patches_3d=53001 mols_with_conf_done=6499/68966 mols_with_3d_patches_done=6497 mol_per_s=15.42 eta_s=4051.3 cpu_workers=23 phase=discover_train modalities=2d+3d+3d_qm dim_2d_used=733 dim_3dqm_used=309 dim_3d_geom=273 dim_3d_qm=36
[2026-02-24 20:04:54] [PROGRESS] explainability.chem_ace.generate_patches done=6750/68972 pct=9.8 patches=108000 patches_2d=52765 patches_3d=55235 mols_with_conf_done=6749/68966 mols_with_3d_patches_done=6747 mol_per_s=15.27 eta_s=4075.5 cpu_workers=23 phase=discover_train modalities=2d+3d+3d_qm dim_2d_used=733 dim_3dqm_used=309 dim_3d_geom=273 dim_3d_qm=36
[2026-02-24 20:05:13] [PROGRESS] explainability.chem_ace.generate_patches done=7000/68972 pct=10.1 patches=112000 patches_2d=54637 patches_3d=57363 mols_with_conf_done=6999/68966 mols_with_3d_patches_done=6997 mol_per_s=15.18 eta_s=4082.6 cpu_workers=23 phase=discover_train modalities=2d+3d+3d_qm dim_2d_used=733 dim_3dqm_used=309 dim_3d_geom=273 dim_3d_qm=36
[2026-02-24 20:05:26] [PROGRESS] explainability.chem_ace.generate_patches done=7250/68972 pct=10.5 patches=116000 patches_2d=56642 patches_3d=59358 mols_with_conf_done=7249/68966 mols_with_3d_patches_done=7247 mol_per_s=15.29 eta_s=4037.5 cpu_workers=23 phase=discover_train modalities=2d+3d+3d_qm dim_2d_used=733 dim_3dqm_used=309 dim_3d_geom=273 dim_3d_qm=36
[2026-02-24 20:05:42] [PROGRESS] explainability.chem_ace.generate_patches done=7500/68972 pct=10.9 patches=120000 patches_2d=58632 patches_3d=61368 mols_with_conf_done=7499/68966 mols_with_3d_patches_done=7497 mol_per_s=15.29 eta_s=4019.2 cpu_workers=23 phase=discover_train modalities=2d+3d+3d_qm dim_2d_used=733 dim_3dqm_used=309 dim_3d_geom=273 dim_3d_qm=36
[2026-02-24 20:06:01] [PROGRESS] explainability.chem_ace.generate_patches done=7750/68972 pct=11.2 patches=124000 patches_2d=60414 patches_3d=63586 mols_with_conf_done=7749/68966 mols_with_3d_patches_done=7747 mol_per_s=15.20 eta_s=4027.4 cpu_workers=23 phase=discover_train modalities=2d+3d+3d_qm dim_2d_used=733 dim_3dqm_used=309 dim_3d_geom=273 dim_3d_qm=36
[2026-02-24 20:06:21] [PROGRESS] explainability.chem_ace.generate_patches done=8000/68972 pct=11.6 patches=128000 patches_2d=62178 patches_3d=65822 mols_with_conf_done=7999/68966 mols_with_3d_patches_done=7997 mol_per_s=15.12 eta_s=4032.2 cpu_workers=23 phase=discover_train modalities=2d+3d+3d_qm dim_2d_used=733 dim_3dqm_used=309 dim_3d_geom=273 dim_3d_qm=36
[2026-02-24 20:06:39] [PROGRESS] explainability.chem_ace.generate_patches done=8250/68972 pct=12.0 patches=132000 patches_2d=64034 patches_3d=67966 mols_with_conf_done=8249/68966 mols_with_3d_patches_done=8247 mol_per_s=15.08 eta_s=4027.7 cpu_workers=23 phase=discover_train modalities=2d+3d+3d_qm dim_2d_used=733 dim_3dqm_used=309 dim_3d_geom=273 dim_3d_qm=36
[2026-02-24 20:06:58] [PROGRESS] explainability.chem_ace.generate_patches done=8500/68972 pct=12.3 patches=136000 patches_2d=65855 patches_3d=70145 mols_with_conf_done=8499/68966 mols_with_3d_patches_done=8497 mol_per_s=15.01 eta_s=4028.0 cpu_workers=23 phase=discover_train modalities=2d+3d+3d_qm dim_2d_used=733 dim_3dqm_used=309 dim_3d_geom=273 dim_3d_qm=36
[2026-02-24 20:07:19] [PROGRESS] explainability.chem_ace.generate_patches done=8750/68972 pct=12.7 patches=140000 patches_2d=67583 patches_3d=72417 mols_with_conf_done=8749/68966 mols_with_3d_patches_done=8747 mol_per_s=14.89 eta_s=4043.7 cpu_workers=23 phase=discover_train modalities=2d+3d+3d_qm dim_2d_used=733 dim_3dqm_used=309 dim_3d_geom=273 dim_3d_qm=36
[2026-02-24 20:07:33] [PROGRESS] explainability.chem_ace.generate_patches done=9000/68972 pct=13.0 patches=144000 patches_2d=69606 patches_3d=74394 mols_with_conf_done=8999/68966 mols_with_3d_patches_done=8997 mol_per_s=14.97 eta_s=4005.9 cpu_workers=23 phase=discover_train modalities=2d+3d+3d_qm dim_2d_used=733 dim_3dqm_used=309 dim_3d_geom=273 dim_3d_qm=36
[2026-02-24 20:07:49] [PROGRESS] explainability.chem_ace.generate_patches done=9250/68972 pct=13.4 patches=148000 patches_2d=71615 patches_3d=76385 mols_with_conf_done=9249/68966 mols_with_3d_patches_done=9247 mol_per_s=14.99 eta_s=3985.1 cpu_workers=23 phase=discover_train modalities=2d+3d+3d_qm dim_2d_used=733 dim_3dqm_used=309 dim_3d_geom=273 dim_3d_qm=36
[2026-02-24 20:08:05] [PROGRESS] explainability.chem_ace.generate_patches done=9500/68972 pct=13.8 patches=152000 patches_2d=73643 patches_3d=78357 mols_with_conf_done=9499/68966 mols_with_3d_patches_done=9497 mol_per_s=14.99 eta_s=3967.6 cpu_workers=23 phase=discover_train modalities=2d+3d+3d_qm dim_2d_used=733 dim_3dqm_used=309 dim_3d_geom=273 dim_3d_qm=36
[2026-02-24 20:08:30] [PROGRESS] explainability.chem_ace.generate_patches done=9750/68972 pct=14.1 patches=156000 patches_2d=75330 patches_3d=80670 mols_with_conf_done=9749/68966 mols_with_3d_patches_done=9747 mol_per_s=14.80 eta_s=4000.5 cpu_workers=23 phase=discover_train modalities=2d+3d+3d_qm dim_2d_used=733 dim_3dqm_used=309 dim_3d_geom=273 dim_3d_qm=36
[2026-02-24 20:08:49] [PROGRESS] explainability.chem_ace.generate_patches done=10000/68972 pct=14.5 patches=160000 patches_2d=77147 patches_3d=82853 mols_with_conf_done=9999/68966 mols_with_3d_patches_done=9997 mol_per_s=14.75 eta_s=3998.0 cpu_workers=23 phase=discover_train modalities=2d+3d+3d_qm dim_2d_used=733 dim_3dqm_used=309 dim_3d_geom=273 dim_3d_qm=36
[2026-02-24 20:09:03] [PROGRESS] explainability.chem_ace.generate_patches done=10250/68972 pct=14.9 patches=164000 patches_2d=79225 patches_3d=84775 mols_with_conf_done=10249/68966 mols_with_3d_patches_done=10247 mol_per_s=14.82 eta_s=3962.9 cpu_workers=23 phase=discover_train modalities=2d+3d+3d_qm dim_2d_used=733 dim_3dqm_used=309 dim_3d_geom=273 dim_3d_qm=36
[2026-02-24 20:09:19] [PROGRESS] explainability.chem_ace.generate_patches done=10500/68972 pct=15.2 patches=168000 patches_2d=81103 patches_3d=86897 mols_with_conf_done=10499/68966 mols_with_3d_patches_done=10497 mol_per_s=14.83 eta_s=3942.0 cpu_workers=23 phase=discover_train modalities=2d+3d+3d_qm dim_2d_used=733 dim_3dqm_used=309 dim_3d_geom=273 dim_3d_qm=36
[2026-02-24 20:09:35] [PROGRESS] explainability.chem_ace.generate_patches done=10750/68972 pct=15.6 patches=172000 patches_2d=82970 patches_3d=89030 mols_with_conf_done=10749/68966 mols_with_3d_patches_done=10747 mol_per_s=14.86 eta_s=3917.4 cpu_workers=23 phase=discover_train modalities=2d+3d+3d_qm dim_2d_used=733 dim_3dqm_used=309 dim_3d_geom=273 dim_3d_qm=36
[2026-02-24 20:09:48] [PROGRESS] explainability.chem_ace.generate_patches done=11000/68972 pct=15.9 patches=176000 patches_2d=85040 patches_3d=90960 mols_with_conf_done=10999/68966 mols_with_3d_patches_done=10997 mol_per_s=14.93 eta_s=3883.9 cpu_workers=23 phase=discover_train modalities=2d+3d+3d_qm dim_2d_used=733 dim_3dqm_used=309 dim_3d_geom=273 dim_3d_qm=36
[2026-02-24 20:10:02] [PROGRESS] explainability.chem_ace.generate_patches done=11250/68972 pct=16.3 patches=180000 patches_2d=87199 patches_3d=92801 mols_with_conf_done=11249/68966 mols_with_3d_patches_done=11247 mol_per_s=14.99 eta_s=3851.6 cpu_workers=23 phase=discover_train modalities=2d+3d+3d_qm dim_2d_used=733 dim_3dqm_used=309 dim_3d_geom=273 dim_3d_qm=36
[2026-02-24 20:10:26] [PROGRESS] explainability.chem_ace.generate_patches done=11500/68972 pct=16.7 patches=184000 patches_2d=88914 patches_3d=95086 mols_with_conf_done=11499/68966 mols_with_3d_patches_done=11497 mol_per_s=14.84 eta_s=3872.9 cpu_workers=23 phase=discover_train modalities=2d+3d+3d_qm dim_2d_used=733 dim_3dqm_used=309 dim_3d_geom=273 dim_3d_qm=36
[2026-02-24 20:10:47] [PROGRESS] explainability.chem_ace.generate_patches done=11750/68972 pct=17.0 patches=188000 patches_2d=90732 patches_3d=97268 mols_with_conf_done=11749/68966 mols_with_3d_patches_done=11747 mol_per_s=14.77 eta_s=3874.8 cpu_workers=23 phase=discover_train modalities=2d+3d+3d_qm dim_2d_used=733 dim_3dqm_used=309 dim_3d_geom=273 dim_3d_qm=36
[2026-02-24 20:11:10] [PROGRESS] explainability.chem_ace.generate_patches done=12000/68972 pct=17.4 patches=192000 patches_2d=92518 patches_3d=99482 mols_with_conf_done=11999/68966 mols_with_3d_patches_done=11997 mol_per_s=14.67 eta_s=3884.7 cpu_workers=23 phase=discover_train modalities=2d+3d+3d_qm dim_2d_used=733 dim_3dqm_used=309 dim_3d_geom=273 dim_3d_qm=36
[2026-02-24 20:11:32] [PROGRESS] explainability.chem_ace.generate_patches done=12250/68972 pct=17.8 patches=196000 patches_2d=94301 patches_3d=101699 mols_with_conf_done=12249/68966 mols_with_3d_patches_done=12247 mol_per_s=14.58 eta_s=3890.0 cpu_workers=23 phase=discover_train modalities=2d+3d+3d_qm dim_2d_used=733 dim_3dqm_used=309 dim_3d_geom=273 dim_3d_qm=36
[2026-02-24 20:11:53] [PROGRESS] explainability.chem_ace.generate_patches done=12500/68972 pct=18.1 patches=200000 patches_2d=96162 patches_3d=103838 mols_with_conf_done=12499/68966 mols_with_3d_patches_done=12497 mol_per_s=14.51 eta_s=3891.3 cpu_workers=23 phase=discover_train modalities=2d+3d+3d_qm dim_2d_used=733 dim_3dqm_used=309 dim_3d_geom=273 dim_3d_qm=36
[2026-02-24 20:12:12] [PROGRESS] explainability.chem_ace.generate_patches done=12750/68972 pct=18.5 patches=204000 patches_2d=97938 patches_3d=106062 mols_with_conf_done=12749/68966 mols_with_3d_patches_done=12747 mol_per_s=14.48 eta_s=3881.6 cpu_workers=23 phase=discover_train modalities=2d+3d+3d_qm dim_2d_used=733 dim_3dqm_used=309 dim_3d_geom=273 dim_3d_qm=36
[2026-02-24 20:12:37] [PROGRESS] explainability.chem_ace.generate_patches done=13000/68972 pct=18.8 patches=208000 patches_2d=99607 patches_3d=108393 mols_with_conf_done=12999/68966 mols_with_3d_patches_done=12997 mol_per_s=14.35 eta_s=3899.9 cpu_workers=23 phase=discover_train modalities=2d+3d+3d_qm dim_2d_used=733 dim_3dqm_used=309 dim_3d_geom=273 dim_3d_qm=36
[2026-02-24 20:12:56] [PROGRESS] explainability.chem_ace.generate_patches done=13250/68972 pct=19.2 patches=212000 patches_2d=101405 patches_3d=110595 mols_with_conf_done=13249/68966 mols_with_3d_patches_done=13247 mol_per_s=14.33 eta_s=3888.6 cpu_workers=23 phase=discover_train modalities=2d+3d+3d_qm dim_2d_used=733 dim_3dqm_used=309 dim_3d_geom=273 dim_3d_qm=36
[2026-02-24 20:13:17] [PROGRESS] explainability.chem_ace.generate_patches done=13500/68972 pct=19.6 patches=216000 patches_2d=103241 patches_3d=112759 mols_with_conf_done=13499/68966 mols_with_3d_patches_done=13497 mol_per_s=14.28 eta_s=3884.2 cpu_workers=23 phase=discover_train modalities=2d+3d+3d_qm dim_2d_used=733 dim_3dqm_used=309 dim_3d_geom=273 dim_3d_qm=36
[2026-02-24 20:13:39] [PROGRESS] explainability.chem_ace.generate_patches done=13750/68972 pct=19.9 patches=220000 patches_2d=104944 patches_3d=115056 mols_with_conf_done=13749/68966 mols_with_3d_patches_done=13747 mol_per_s=14.22 eta_s=3884.3 cpu_workers=23 phase=discover_train modalities=2d+3d+3d_qm dim_2d_used=733 dim_3dqm_used=309 dim_3d_geom=273 dim_3d_qm=36
[2026-02-24 20:13:54] [PROGRESS] explainability.chem_ace.generate_patches done=14000/68972 pct=20.3 patches=224000 patches_2d=106882 patches_3d=117118 mols_with_conf_done=13999/68966 mols_with_3d_patches_done=13997 mol_per_s=14.25 eta_s=3858.1 cpu_workers=23 phase=discover_train modalities=2d+3d+3d_qm dim_2d_used=733 dim_3dqm_used=309 dim_3d_geom=273 dim_3d_qm=36
[2026-02-24 20:14:09] [PROGRESS] explainability.chem_ace.generate_patches done=14250/68972 pct=20.7 patches=228000 patches_2d=108931 patches_3d=119069 mols_with_conf_done=14249/68966 mols_with_3d_patches_done=14247 mol_per_s=14.29 eta_s=3829.3 cpu_workers=23 phase=discover_train modalities=2d+3d+3d_qm dim_2d_used=733 dim_3dqm_used=309 dim_3d_geom=273 dim_3d_qm=36
[2026-02-24 20:14:34] [PROGRESS] explainability.chem_ace.generate_patches done=14500/68972 pct=21.0 patches=232000 patches_2d=110626 patches_3d=121374 mols_with_conf_done=14499/68966 mols_with_3d_patches_done=14497 mol_per_s=14.19 eta_s=3839.4 cpu_workers=23 phase=discover_train modalities=2d+3d+3d_qm dim_2d_used=733 dim_3dqm_used=309 dim_3d_geom=273 dim_3d_qm=36
[2026-02-24 20:14:50] [PROGRESS] explainability.chem_ace.generate_patches done=14750/68972 pct=21.4 patches=236000 patches_2d=112569 patches_3d=123431 mols_with_conf_done=14749/68966 mols_with_3d_patches_done=14747 mol_per_s=14.20 eta_s=3817.5 cpu_workers=23 phase=discover_train modalities=2d+3d+3d_qm dim_2d_used=733 dim_3dqm_used=309 dim_3d_geom=273 dim_3d_qm=36
[2026-02-24 20:15:14] [PROGRESS] explainability.chem_ace.generate_patches done=15000/68972 pct=21.7 patches=240000 patches_2d=114270 patches_3d=125730 mols_with_conf_done=14999/68966 mols_with_3d_patches_done=14997 mol_per_s=14.11 eta_s=3824.0 cpu_workers=23 phase=discover_train modalities=2d+3d+3d_qm dim_2d_used=733 dim_3dqm_used=309 dim_3d_geom=273 dim_3d_qm=36
[2026-02-24 20:15:33] [PROGRESS] explainability.chem_ace.generate_patches done=15250/68972 pct=22.1 patches=244000 patches_2d=116006 patches_3d=127994 mols_with_conf_done=15249/68966 mols_with_3d_patches_done=15247 mol_per_s=14.10 eta_s=3810.2 cpu_workers=23 phase=discover_train modalities=2d+3d+3d_qm dim_2d_used=733 dim_3dqm_used=309 dim_3d_geom=273 dim_3d_qm=36
[2026-02-24 20:15:52] [PROGRESS] explainability.chem_ace.generate_patches done=15500/68972 pct=22.5 patches=248000 patches_2d=117854 patches_3d=130146 mols_with_conf_done=15499/68966 mols_with_3d_patches_done=15497 mol_per_s=14.09 eta_s=3795.2 cpu_workers=23 phase=discover_train modalities=2d+3d+3d_qm dim_2d_used=733 dim_3dqm_used=309 dim_3d_geom=273 dim_3d_qm=36
[2026-02-24 20:16:07] [PROGRESS] explainability.chem_ace.generate_patches done=15750/68972 pct=22.8 patches=252000 patches_2d=119846 patches_3d=132154 mols_with_conf_done=15749/68966 mols_with_3d_patches_done=15747 mol_per_s=14.12 eta_s=3768.7 cpu_workers=23 phase=discover_train modalities=2d+3d+3d_qm dim_2d_used=733 dim_3dqm_used=309 dim_3d_geom=273 dim_3d_qm=36
[2026-02-24 20:16:21] [PROGRESS] explainability.chem_ace.generate_patches done=16000/68972 pct=23.2 patches=256000 patches_2d=121919 patches_3d=134081 mols_with_conf_done=15999/68966 mols_with_3d_patches_done=15997 mol_per_s=14.17 eta_s=3739.6 cpu_workers=23 phase=discover_train modalities=2d+3d+3d_qm dim_2d_used=733 dim_3dqm_used=309 dim_3d_geom=273 dim_3d_qm=36
[2026-02-24 20:16:39] [PROGRESS] explainability.chem_ace.generate_patches done=16250/68972 pct=23.6 patches=260000 patches_2d=123727 patches_3d=136273 mols_with_conf_done=16249/68966 mols_with_3d_patches_done=16247 mol_per_s=14.17 eta_s=3721.7 cpu_workers=23 phase=discover_train modalities=2d+3d+3d_qm dim_2d_used=733 dim_3dqm_used=309 dim_3d_geom=273 dim_3d_qm=36
[2026-02-24 20:16:59] [PROGRESS] explainability.chem_ace.generate_patches done=16500/68972 pct=23.9 patches=264000 patches_2d=125543 patches_3d=138457 mols_with_conf_done=16499/68966 mols_with_3d_patches_done=16497 mol_per_s=14.14 eta_s=3711.5 cpu_workers=23 phase=discover_train modalities=2d+3d+3d_qm dim_2d_used=733 dim_3dqm_used=309 dim_3d_geom=273 dim_3d_qm=36
[2026-02-24 20:17:19] [PROGRESS] explainability.chem_ace.generate_patches done=16750/68972 pct=24.3 patches=268000 patches_2d=127317 patches_3d=140683 mols_with_conf_done=16749/68966 mols_with_3d_patches_done=16747 mol_per_s=14.10 eta_s=3703.4 cpu_workers=23 phase=discover_train modalities=2d+3d+3d_qm dim_2d_used=733 dim_3dqm_used=309 dim_3d_geom=273 dim_3d_qm=36
[2026-02-24 20:17:45] [PROGRESS] explainability.chem_ace.generate_patches done=17000/68972 pct=24.6 patches=272000 patches_2d=128849 patches_3d=143151 mols_with_conf_done=16999/68966 mols_with_3d_patches_done=16997 mol_per_s=14.01 eta_s=3708.4 cpu_workers=23 phase=discover_train modalities=2d+3d+3d_qm dim_2d_used=733 dim_3dqm_used=309 dim_3d_geom=273 dim_3d_qm=36
[2026-02-24 20:18:01] [PROGRESS] explainability.chem_ace.generate_patches done=17250/68972 pct=25.0 patches=276000 patches_2d=130778 patches_3d=145222 mols_with_conf_done=17249/68966 mols_with_3d_patches_done=17247 mol_per_s=14.03 eta_s=3687.2 cpu_workers=23 phase=discover_train modalities=2d+3d+3d_qm dim_2d_used=733 dim_3dqm_used=309 dim_3d_geom=273 dim_3d_qm=36
[2026-02-24 20:18:20] [PROGRESS] explainability.chem_ace.generate_patches done=17500/68972 pct=25.4 patches=280000 patches_2d=132608 patches_3d=147392 mols_with_conf_done=17499/68966 mols_with_3d_patches_done=17497 mol_per_s=14.01 eta_s=3672.7 cpu_workers=23 phase=discover_train modalities=2d+3d+3d_qm dim_2d_used=733 dim_3dqm_used=309 dim_3d_geom=273 dim_3d_qm=36
[2026-02-24 20:18:38] [PROGRESS] explainability.chem_ace.generate_patches done=17750/68972 pct=25.7 patches=284000 patches_2d=134482 patches_3d=149518 mols_with_conf_done=17749/68966 mols_with_3d_patches_done=17747 mol_per_s=14.01 eta_s=3655.0 cpu_workers=23 phase=discover_train modalities=2d+3d+3d_qm dim_2d_used=733 dim_3dqm_used=309 dim_3d_geom=273 dim_3d_qm=36
[2026-02-24 20:19:01] [PROGRESS] explainability.chem_ace.generate_patches done=18000/68972 pct=26.1 patches=288000 patches_2d=136246 patches_3d=151754 mols_with_conf_done=17999/68966 mols_with_3d_patches_done=17996 mol_per_s=13.96 eta_s=3651.2 cpu_workers=23 phase=discover_train modalities=2d+3d+3d_qm dim_2d_used=733 dim_3dqm_used=309 dim_3d_geom=273 dim_3d_qm=36
[2026-02-24 20:19:21] [PROGRESS] explainability.chem_ace.generate_patches done=18250/68972 pct=26.5 patches=292000 patches_2d=138016 patches_3d=153984 mols_with_conf_done=18249/68966 mols_with_3d_patches_done=18246 mol_per_s=13.94 eta_s=3638.9 cpu_workers=23 phase=discover_train modalities=2d+3d+3d_qm dim_2d_used=733 dim_3dqm_used=309 dim_3d_geom=273 dim_3d_qm=36
[2026-02-24 20:19:42] [PROGRESS] explainability.chem_ace.generate_patches done=18500/68972 pct=26.8 patches=296000 patches_2d=139797 patches_3d=156203 mols_with_conf_done=18499/68966 mols_with_3d_patches_done=18496 mol_per_s=13.90 eta_s=3629.9 cpu_workers=23 phase=discover_train modalities=2d+3d+3d_qm dim_2d_used=733 dim_3dqm_used=309 dim_3d_geom=273 dim_3d_qm=36
[2026-02-24 20:20:07] [PROGRESS] explainability.chem_ace.generate_patches done=18750/68972 pct=27.2 patches=300000 patches_2d=141358 patches_3d=158642 mols_with_conf_done=18749/68966 mols_with_3d_patches_done=18746 mol_per_s=13.83 eta_s=3632.0 cpu_workers=23 phase=discover_train modalities=2d+3d+3d_qm dim_2d_used=733 dim_3dqm_used=309 dim_3d_geom=273 dim_3d_qm=36
[2026-02-24 20:20:26] [PROGRESS] explainability.chem_ace.generate_patches done=19000/68972 pct=27.5 patches=304000 patches_2d=143278 patches_3d=160722 mols_with_conf_done=18999/68966 mols_with_3d_patches_done=18996 mol_per_s=13.82 eta_s=3614.8 cpu_workers=23 phase=discover_train modalities=2d+3d+3d_qm dim_2d_used=733 dim_3dqm_used=309 dim_3d_geom=273 dim_3d_qm=36
[2026-02-24 20:20:43] [PROGRESS] explainability.chem_ace.generate_patches done=19250/68972 pct=27.9 patches=308000 patches_2d=145258 patches_3d=162742 mols_with_conf_done=19249/68966 mols_with_3d_patches_done=19246 mol_per_s=13.83 eta_s=3594.7 cpu_workers=23 phase=discover_train modalities=2d+3d+3d_qm dim_2d_used=733 dim_3dqm_used=309 dim_3d_geom=273 dim_3d_qm=36
[2026-02-24 20:21:03] [PROGRESS] explainability.chem_ace.generate_patches done=19500/68972 pct=28.3 patches=312000 patches_2d=147193 patches_3d=164807 mols_with_conf_done=19499/68966 mols_with_3d_patches_done=19496 mol_per_s=13.82 eta_s=3579.9 cpu_workers=23 phase=discover_train modalities=2d+3d+3d_qm dim_2d_used=733 dim_3dqm_used=309 dim_3d_geom=273 dim_3d_qm=36
[2026-02-24 20:21:17] [PROGRESS] explainability.chem_ace.generate_patches done=19750/68972 pct=28.6 patches=316000 patches_2d=149208 patches_3d=166792 mols_with_conf_done=19749/68966 mols_with_3d_patches_done=19746 mol_per_s=13.86 eta_s=3551.9 cpu_workers=23 phase=discover_train modalities=2d+3d+3d_qm dim_2d_used=733 dim_3dqm_used=309 dim_3d_geom=273 dim_3d_qm=36
[2026-02-24 20:21:35] [PROGRESS] explainability.chem_ace.generate_patches done=20000/68972 pct=29.0 patches=320000 patches_2d=151045 patches_3d=168955 mols_with_conf_done=19999/68966 mols_with_3d_patches_done=19996 mol_per_s=13.86 eta_s=3533.8 cpu_workers=23 phase=discover_train modalities=2d+3d+3d_qm dim_2d_used=733 dim_3dqm_used=309 dim_3d_geom=273 dim_3d_qm=36
[2026-02-24 20:21:51] [PROGRESS] explainability.chem_ace.generate_patches done=20250/68972 pct=29.4 patches=324000 patches_2d=152955 patches_3d=171045 mols_with_conf_done=20249/68966 mols_with_3d_patches_done=20246 mol_per_s=13.87 eta_s=3512.5 cpu_workers=23 phase=discover_train modalities=2d+3d+3d_qm dim_2d_used=733 dim_3dqm_used=309 dim_3d_geom=273 dim_3d_qm=36
[2026-02-24 20:22:09] [PROGRESS] explainability.chem_ace.generate_patches done=20500/68972 pct=29.7 patches=328000 patches_2d=154836 patches_3d=173164 mols_with_conf_done=20499/68966 mols_with_3d_patches_done=20496 mol_per_s=13.87 eta_s=3493.6 cpu_workers=23 phase=discover_train modalities=2d+3d+3d_qm dim_2d_used=733 dim_3dqm_used=309 dim_3d_geom=273 dim_3d_qm=36
[2026-02-24 20:22:23] [PROGRESS] explainability.chem_ace.generate_patches done=20750/68972 pct=30.1 patches=332000 patches_2d=156891 patches_3d=175109 mols_with_conf_done=20749/68966 mols_with_3d_patches_done=20746 mol_per_s=13.91 eta_s=3466.0 cpu_workers=23 phase=discover_train modalities=2d+3d+3d_qm dim_2d_used=733 dim_3dqm_used=309 dim_3d_geom=273 dim_3d_qm=36
[2026-02-24 20:22:34] [PROGRESS] explainability.chem_ace.generate_patches done=21000/68972 pct=30.4 patches=336000 patches_2d=159046 patches_3d=176954 mols_with_conf_done=20999/68966 mols_with_3d_patches_done=20996 mol_per_s=13.98 eta_s=3431.7 cpu_workers=23 phase=discover_train modalities=2d+3d+3d_qm dim_2d_used=733 dim_3dqm_used=309 dim_3d_geom=273 dim_3d_qm=36
[2026-02-24 20:22:46] [PROGRESS] explainability.chem_ace.generate_patches done=21250/68972 pct=30.8 patches=340000 patches_2d=161084 patches_3d=178916 mols_with_conf_done=21249/68966 mols_with_3d_patches_done=21246 mol_per_s=14.03 eta_s=3402.1 cpu_workers=23 phase=discover_train modalities=2d+3d+3d_qm dim_2d_used=733 dim_3dqm_used=309 dim_3d_geom=273 dim_3d_qm=36
[2026-02-24 20:22:59] [PROGRESS] explainability.chem_ace.generate_patches done=21500/68972 pct=31.2 patches=344000 patches_2d=163158 patches_3d=180842 mols_with_conf_done=21499/68966 mols_with_3d_patches_done=21496 mol_per_s=14.07 eta_s=3373.4 cpu_workers=23 phase=discover_train modalities=2d+3d+3d_qm dim_2d_used=733 dim_3dqm_used=309 dim_3d_geom=273 dim_3d_qm=36
[2026-02-24 20:23:15] [PROGRESS] explainability.chem_ace.generate_patches done=21750/68972 pct=31.5 patches=348000 patches_2d=165118 patches_3d=182882 mols_with_conf_done=21749/68966 mols_with_3d_patches_done=21746 mol_per_s=14.09 eta_s=3351.3 cpu_workers=23 phase=discover_train modalities=2d+3d+3d_qm dim_2d_used=733 dim_3dqm_used=309 dim_3d_geom=273 dim_3d_qm=36
[2026-02-24 20:23:30] [PROGRESS] explainability.chem_ace.generate_patches done=22000/68972 pct=31.9 patches=352000 patches_2d=166989 patches_3d=185011 mols_with_conf_done=21999/68966 mols_with_3d_patches_done=21996 mol_per_s=14.11 eta_s=3328.6 cpu_workers=23 phase=discover_train modalities=2d+3d+3d_qm dim_2d_used=733 dim_3dqm_used=309 dim_3d_geom=273 dim_3d_qm=36
[2026-02-24 20:23:44] [PROGRESS] explainability.chem_ace.generate_patches done=22250/68972 pct=32.3 patches=356000 patches_2d=169086 patches_3d=186914 mols_with_conf_done=22249/68966 mols_with_3d_patches_done=22246 mol_per_s=14.15 eta_s=3301.2 cpu_workers=23 phase=discover_train modalities=2d+3d+3d_qm dim_2d_used=733 dim_3dqm_used=309 dim_3d_geom=273 dim_3d_qm=36
[2026-02-24 20:23:58] [PROGRESS] explainability.chem_ace.generate_patches done=22500/68972 pct=32.6 patches=360000 patches_2d=171135 patches_3d=188865 mols_with_conf_done=22499/68966 mols_with_3d_patches_done=22496 mol_per_s=14.18 eta_s=3276.2 cpu_workers=23 phase=discover_train modalities=2d+3d+3d_qm dim_2d_used=733 dim_3dqm_used=309 dim_3d_geom=273 dim_3d_qm=36
[2026-02-24 20:24:12] [PROGRESS] explainability.chem_ace.generate_patches done=22750/68972 pct=33.0 patches=364000 patches_2d=173095 patches_3d=190905 mols_with_conf_done=22749/68966 mols_with_3d_patches_done=22746 mol_per_s=14.21 eta_s=3252.3 cpu_workers=23 phase=discover_train modalities=2d+3d+3d_qm dim_2d_used=733 dim_3dqm_used=309 dim_3d_geom=273 dim_3d_qm=36
[2026-02-24 20:24:27] [PROGRESS] explainability.chem_ace.generate_patches done=23000/68972 pct=33.3 patches=368000 patches_2d=175041 patches_3d=192959 mols_with_conf_done=22999/68966 mols_with_3d_patches_done=22996 mol_per_s=14.24 eta_s=3228.3 cpu_workers=23 phase=discover_train modalities=2d+3d+3d_qm dim_2d_used=733 dim_3dqm_used=309 dim_3d_geom=273 dim_3d_qm=36
[2026-02-24 20:24:39] [PROGRESS] explainability.chem_ace.generate_patches done=23250/68972 pct=33.7 patches=372000 patches_2d=177110 patches_3d=194890 mols_with_conf_done=23249/68966 mols_with_3d_patches_done=23246 mol_per_s=14.29 eta_s=3200.6 cpu_workers=23 phase=discover_train modalities=2d+3d+3d_qm dim_2d_used=733 dim_3dqm_used=309 dim_3d_geom=273 dim_3d_qm=36
[2026-02-24 20:24:53] [PROGRESS] explainability.chem_ace.generate_patches done=23500/68972 pct=34.1 patches=376000 patches_2d=179077 patches_3d=196923 mols_with_conf_done=23499/68966 mols_with_3d_patches_done=23496 mol_per_s=14.31 eta_s=3177.0 cpu_workers=23 phase=discover_train modalities=2d+3d+3d_qm dim_2d_used=733 dim_3dqm_used=309 dim_3d_geom=273 dim_3d_qm=36
[2026-02-24 20:25:08] [PROGRESS] explainability.chem_ace.generate_patches done=23750/68972 pct=34.4 patches=380000 patches_2d=181050 patches_3d=198950 mols_with_conf_done=23749/68966 mols_with_3d_patches_done=23746 mol_per_s=14.34 eta_s=3154.4 cpu_workers=23 phase=discover_train modalities=2d+3d+3d_qm dim_2d_used=733 dim_3dqm_used=309 dim_3d_geom=273 dim_3d_qm=36
[2026-02-24 20:25:24] [PROGRESS] explainability.chem_ace.generate_patches done=24000/68972 pct=34.8 patches=384000 patches_2d=183028 patches_3d=200972 mols_with_conf_done=23999/68966 mols_with_3d_patches_done=23996 mol_per_s=14.35 eta_s=3133.5 cpu_workers=23 phase=discover_train modalities=2d+3d+3d_qm dim_2d_used=733 dim_3dqm_used=309 dim_3d_geom=273 dim_3d_qm=36
[2026-02-24 20:25:35] [PROGRESS] explainability.chem_ace.generate_patches done=24250/68972 pct=35.2 patches=388000 patches_2d=185229 patches_3d=202771 mols_with_conf_done=24249/68966 mols_with_3d_patches_done=24246 mol_per_s=14.40 eta_s=3105.2 cpu_workers=23 phase=discover_train modalities=2d+3d+3d_qm dim_2d_used=733 dim_3dqm_used=309 dim_3d_geom=273 dim_3d_qm=36
[2026-02-24 20:25:49] [PROGRESS] explainability.chem_ace.generate_patches done=24500/68972 pct=35.5 patches=392000 patches_2d=187255 patches_3d=204745 mols_with_conf_done=24498/68966 mols_with_3d_patches_done=24495 mol_per_s=14.43 eta_s=3081.8 cpu_workers=23 phase=discover_train modalities=2d+3d+3d_qm dim_2d_used=733 dim_3dqm_used=309 dim_3d_geom=273 dim_3d_qm=36
[2026-02-24 20:26:05] [PROGRESS] explainability.chem_ace.generate_patches done=24750/68972 pct=35.9 patches=396000 patches_2d=189213 patches_3d=206787 mols_with_conf_done=24748/68966 mols_with_3d_patches_done=24745 mol_per_s=14.45 eta_s=3061.3 cpu_workers=23 phase=discover_train modalities=2d+3d+3d_qm dim_2d_used=733 dim_3dqm_used=309 dim_3d_geom=273 dim_3d_qm=36
[2026-02-24 20:26:19] [PROGRESS] explainability.chem_ace.generate_patches done=25000/68972 pct=36.2 patches=400000 patches_2d=191251 patches_3d=208749 mols_with_conf_done=24997/68966 mols_with_3d_patches_done=24994 mol_per_s=14.47 eta_s=3038.9 cpu_workers=23 phase=discover_train modalities=2d+3d+3d_qm dim_2d_used=733 dim_3dqm_used=309 dim_3d_geom=273 dim_3d_qm=36
[2026-02-24 20:26:34] [PROGRESS] explainability.chem_ace.generate_patches done=25250/68972 pct=36.6 patches=404000 patches_2d=193203 patches_3d=210797 mols_with_conf_done=25247/68966 mols_with_3d_patches_done=25244 mol_per_s=14.49 eta_s=3017.8 cpu_workers=23 phase=discover_train modalities=2d+3d+3d_qm dim_2d_used=733 dim_3dqm_used=309 dim_3d_geom=273 dim_3d_qm=36
[2026-02-24 20:26:47] [PROGRESS] explainability.chem_ace.generate_patches done=25500/68972 pct=37.0 patches=408000 patches_2d=195298 patches_3d=212702 mols_with_conf_done=25497/68966 mols_with_3d_patches_done=25494 mol_per_s=14.52 eta_s=2993.3 cpu_workers=23 phase=discover_train modalities=2d+3d+3d_qm dim_2d_used=733 dim_3dqm_used=309 dim_3d_geom=273 dim_3d_qm=36
[2026-02-24 20:26:59] [PROGRESS] explainability.chem_ace.generate_patches done=25750/68972 pct=37.3 patches=412000 patches_2d=197478 patches_3d=214522 mols_with_conf_done=25746/68966 mols_with_3d_patches_done=25743 mol_per_s=14.57 eta_s=2967.4 cpu_workers=23 phase=discover_train modalities=2d+3d+3d_qm dim_2d_used=733 dim_3dqm_used=309 dim_3d_geom=273 dim_3d_qm=36
[2026-02-24 20:27:14] [PROGRESS] explainability.chem_ace.generate_patches done=26000/68972 pct=37.7 patches=416000 patches_2d=199507 patches_3d=216493 mols_with_conf_done=25996/68966 mols_with_3d_patches_done=25993 mol_per_s=14.59 eta_s=2945.8 cpu_workers=23 phase=discover_train modalities=2d+3d+3d_qm dim_2d_used=733 dim_3dqm_used=309 dim_3d_geom=273 dim_3d_qm=36
[2026-02-24 20:27:26] [PROGRESS] explainability.chem_ace.generate_patches done=26250/68972 pct=38.1 patches=420000 patches_2d=201636 patches_3d=218364 mols_with_conf_done=26246/68966 mols_with_3d_patches_done=26243 mol_per_s=14.63 eta_s=2920.9 cpu_workers=23 phase=discover_train modalities=2d+3d+3d_qm dim_2d_used=733 dim_3dqm_used=309 dim_3d_geom=273 dim_3d_qm=36
[2026-02-24 20:27:40] [PROGRESS] explainability.chem_ace.generate_patches done=26500/68972 pct=38.4 patches=424000 patches_2d=203660 patches_3d=220340 mols_with_conf_done=26496/68966 mols_with_3d_patches_done=26493 mol_per_s=14.65 eta_s=2899.2 cpu_workers=23 phase=discover_train modalities=2d+3d+3d_qm dim_2d_used=733 dim_3dqm_used=309 dim_3d_geom=273 dim_3d_qm=36
[2026-02-24 20:27:54] [PROGRESS] explainability.chem_ace.generate_patches done=26750/68972 pct=38.8 patches=428000 patches_2d=205657 patches_3d=222343 mols_with_conf_done=26746/68966 mols_with_3d_patches_done=26743 mol_per_s=14.68 eta_s=2876.2 cpu_workers=23 phase=discover_train modalities=2d+3d+3d_qm dim_2d_used=733 dim_3dqm_used=309 dim_3d_geom=273 dim_3d_qm=36
[2026-02-24 20:28:07] [PROGRESS] explainability.chem_ace.generate_patches done=27000/68972 pct=39.1 patches=432000 patches_2d=207707 patches_3d=224293 mols_with_conf_done=26996/68966 mols_with_3d_patches_done=26993 mol_per_s=14.71 eta_s=2853.4 cpu_workers=23 phase=discover_train modalities=2d+3d+3d_qm dim_2d_used=733 dim_3dqm_used=309 dim_3d_geom=273 dim_3d_qm=36
[2026-02-24 20:28:21] [PROGRESS] explainability.chem_ace.generate_patches done=27250/68972 pct=39.5 patches=436000 patches_2d=209733 patches_3d=226267 mols_with_conf_done=27246/68966 mols_with_3d_patches_done=27242 mol_per_s=14.74 eta_s=2831.2 cpu_workers=23 phase=discover_train modalities=2d+3d+3d_qm dim_2d_used=733 dim_3dqm_used=309 dim_3d_geom=273 dim_3d_qm=36
[2026-02-24 20:28:35] [PROGRESS] explainability.chem_ace.generate_patches done=27500/68972 pct=39.9 patches=440000 patches_2d=211768 patches_3d=228232 mols_with_conf_done=27496/68966 mols_with_3d_patches_done=27492 mol_per_s=14.76 eta_s=2810.3 cpu_workers=23 phase=discover_train modalities=2d+3d+3d_qm dim_2d_used=733 dim_3dqm_used=309 dim_3d_geom=273 dim_3d_qm=36
[2026-02-24 20:28:51] [PROGRESS] explainability.chem_ace.generate_patches done=27750/68972 pct=40.2 patches=444000 patches_2d=213692 patches_3d=230308 mols_with_conf_done=27746/68966 mols_with_3d_patches_done=27742 mol_per_s=14.77 eta_s=2791.5 cpu_workers=23 phase=discover_train modalities=2d+3d+3d_qm dim_2d_used=733 dim_3dqm_used=309 dim_3d_geom=273 dim_3d_qm=36
[2026-02-24 20:29:03] [PROGRESS] explainability.chem_ace.generate_patches done=28000/68972 pct=40.6 patches=448000 patches_2d=215729 patches_3d=232271 mols_with_conf_done=27996/68966 mols_with_3d_patches_done=27992 mol_per_s=14.80 eta_s=2767.9 cpu_workers=23 phase=discover_train modalities=2d+3d+3d_qm dim_2d_used=733 dim_3dqm_used=309 dim_3d_geom=273 dim_3d_qm=36
[2026-02-24 20:29:16] [PROGRESS] explainability.chem_ace.generate_patches done=28250/68972 pct=41.0 patches=452000 patches_2d=217792 patches_3d=234208 mols_with_conf_done=28246/68966 mols_with_3d_patches_done=28242 mol_per_s=14.83 eta_s=2745.2 cpu_workers=23 phase=discover_train modalities=2d+3d+3d_qm dim_2d_used=733 dim_3dqm_used=309 dim_3d_geom=273 dim_3d_qm=36
[2026-02-24 20:29:31] [PROGRESS] explainability.chem_ace.generate_patches done=28500/68972 pct=41.3 patches=456000 patches_2d=219765 patches_3d=236235 mols_with_conf_done=28496/68966 mols_with_3d_patches_done=28492 mol_per_s=14.85 eta_s=2725.6 cpu_workers=23 phase=discover_train modalities=2d+3d+3d_qm dim_2d_used=733 dim_3dqm_used=309 dim_3d_geom=273 dim_3d_qm=36
[2026-02-24 20:29:47] [PROGRESS] explainability.chem_ace.generate_patches done=28750/68972 pct=41.7 patches=460000 patches_2d=221639 patches_3d=238361 mols_with_conf_done=28746/68966 mols_with_3d_patches_done=28742 mol_per_s=14.86 eta_s=2707.5 cpu_workers=23 phase=discover_train modalities=2d+3d+3d_qm dim_2d_used=733 dim_3dqm_used=309 dim_3d_geom=273 dim_3d_qm=36
[2026-02-24 20:30:01] [PROGRESS] explainability.chem_ace.generate_patches done=29000/68972 pct=42.0 patches=464000 patches_2d=223656 patches_3d=240344 mols_with_conf_done=28996/68966 mols_with_3d_patches_done=28992 mol_per_s=14.88 eta_s=2686.7 cpu_workers=23 phase=discover_train modalities=2d+3d+3d_qm dim_2d_used=733 dim_3dqm_used=309 dim_3d_geom=273 dim_3d_qm=36
[2026-02-24 20:30:16] [PROGRESS] explainability.chem_ace.generate_patches done=29250/68972 pct=42.4 patches=468000 patches_2d=225644 patches_3d=242356 mols_with_conf_done=29246/68966 mols_with_3d_patches_done=29242 mol_per_s=14.89 eta_s=2667.2 cpu_workers=23 phase=discover_train modalities=2d+3d+3d_qm dim_2d_used=733 dim_3dqm_used=309 dim_3d_geom=273 dim_3d_qm=36
[2026-02-24 20:30:33] [PROGRESS] explainability.chem_ace.generate_patches done=29500/68972 pct=42.8 patches=472000 patches_2d=227445 patches_3d=244555 mols_with_conf_done=29496/68966 mols_with_3d_patches_done=29492 mol_per_s=14.89 eta_s=2650.9 cpu_workers=23 phase=discover_train modalities=2d+3d+3d_qm dim_2d_used=733 dim_3dqm_used=309 dim_3d_geom=273 dim_3d_qm=36
[2026-02-24 20:30:47] [PROGRESS] explainability.chem_ace.generate_patches done=29750/68972 pct=43.1 patches=476000 patches_2d=229462 patches_3d=246538 mols_with_conf_done=29746/68966 mols_with_3d_patches_done=29742 mol_per_s=14.91 eta_s=2631.0 cpu_workers=23 phase=discover_train modalities=2d+3d+3d_qm dim_2d_used=733 dim_3dqm_used=309 dim_3d_geom=273 dim_3d_qm=36
[2026-02-24 20:31:01] [PROGRESS] explainability.chem_ace.generate_patches done=30000/68972 pct=43.5 patches=480000 patches_2d=231478 patches_3d=248522 mols_with_conf_done=29996/68966 mols_with_3d_patches_done=29992 mol_per_s=14.93 eta_s=2610.7 cpu_workers=23 phase=discover_train modalities=2d+3d+3d_qm dim_2d_used=733 dim_3dqm_used=309 dim_3d_geom=273 dim_3d_qm=36
[2026-02-24 20:31:15] [PROGRESS] explainability.chem_ace.generate_patches done=30250/68972 pct=43.9 patches=484000 patches_2d=233431 patches_3d=250569 mols_with_conf_done=30246/68966 mols_with_3d_patches_done=30242 mol_per_s=14.95 eta_s=2590.3 cpu_workers=23 phase=discover_train modalities=2d+3d+3d_qm dim_2d_used=733 dim_3dqm_used=309 dim_3d_geom=273 dim_3d_qm=36
[2026-02-24 20:31:28] [PROGRESS] explainability.chem_ace.generate_patches done=30500/68972 pct=44.2 patches=488000 patches_2d=235504 patches_3d=252496 mols_with_conf_done=30496/68966 mols_with_3d_patches_done=30492 mol_per_s=14.98 eta_s=2569.0 cpu_workers=23 phase=discover_train modalities=2d+3d+3d_qm dim_2d_used=733 dim_3dqm_used=309 dim_3d_geom=273 dim_3d_qm=36
[2026-02-24 20:31:43] [PROGRESS] explainability.chem_ace.generate_patches done=30750/68972 pct=44.6 patches=492000 patches_2d=237512 patches_3d=254488 mols_with_conf_done=30746/68966 mols_with_3d_patches_done=30742 mol_per_s=14.99 eta_s=2549.4 cpu_workers=23 phase=discover_train modalities=2d+3d+3d_qm dim_2d_used=733 dim_3dqm_used=309 dim_3d_geom=273 dim_3d_qm=36
[2026-02-24 20:31:57] [PROGRESS] explainability.chem_ace.generate_patches done=31000/68972 pct=44.9 patches=496000 patches_2d=239495 patches_3d=256505 mols_with_conf_done=30996/68966 mols_with_3d_patches_done=30992 mol_per_s=15.01 eta_s=2529.7 cpu_workers=23 phase=discover_train modalities=2d+3d+3d_qm dim_2d_used=733 dim_3dqm_used=309 dim_3d_geom=273 dim_3d_qm=36
[2026-02-24 20:32:11] [PROGRESS] explainability.chem_ace.generate_patches done=31250/68972 pct=45.3 patches=500000 patches_2d=241492 patches_3d=258508 mols_with_conf_done=31246/68966 mols_with_3d_patches_done=31242 mol_per_s=15.03 eta_s=2509.7 cpu_workers=23 phase=discover_train modalities=2d+3d+3d_qm dim_2d_used=733 dim_3dqm_used=309 dim_3d_geom=273 dim_3d_qm=36
[2026-02-24 20:32:23] [PROGRESS] explainability.chem_ace.generate_patches done=31500/68972 pct=45.7 patches=504000 patches_2d=243582 patches_3d=260418 mols_with_conf_done=31496/68966 mols_with_3d_patches_done=31492 mol_per_s=15.06 eta_s=2488.3 cpu_workers=23 phase=discover_train modalities=2d+3d+3d_qm dim_2d_used=733 dim_3dqm_used=309 dim_3d_geom=273 dim_3d_qm=36
[2026-02-24 20:32:38] [PROGRESS] explainability.chem_ace.generate_patches done=31750/68972 pct=46.0 patches=508000 patches_2d=245588 patches_3d=262412 mols_with_conf_done=31746/68966 mols_with_3d_patches_done=31742 mol_per_s=15.07 eta_s=2469.6 cpu_workers=23 phase=discover_train modalities=2d+3d+3d_qm dim_2d_used=733 dim_3dqm_used=309 dim_3d_geom=273 dim_3d_qm=36
[2026-02-24 20:32:52] [PROGRESS] explainability.chem_ace.generate_patches done=32000/68972 pct=46.4 patches=512000 patches_2d=247582 patches_3d=264418 mols_with_conf_done=31996/68966 mols_with_3d_patches_done=31992 mol_per_s=15.09 eta_s=2449.6 cpu_workers=23 phase=discover_train modalities=2d+3d+3d_qm dim_2d_used=733 dim_3dqm_used=309 dim_3d_geom=273 dim_3d_qm=36
[2026-02-24 20:33:06] [PROGRESS] explainability.chem_ace.generate_patches done=32250/68972 pct=46.8 patches=516000 patches_2d=249546 patches_3d=266454 mols_with_conf_done=32246/68966 mols_with_3d_patches_done=32242 mol_per_s=15.11 eta_s=2430.6 cpu_workers=23 phase=discover_train modalities=2d+3d+3d_qm dim_2d_used=733 dim_3dqm_used=309 dim_3d_geom=273 dim_3d_qm=36
[2026-02-24 20:33:21] [PROGRESS] explainability.chem_ace.generate_patches done=32500/68972 pct=47.1 patches=520000 patches_2d=251500 patches_3d=268500 mols_with_conf_done=32496/68966 mols_with_3d_patches_done=32492 mol_per_s=15.12 eta_s=2412.4 cpu_workers=23 phase=discover_train modalities=2d+3d+3d_qm dim_2d_used=733 dim_3dqm_used=309 dim_3d_geom=273 dim_3d_qm=36
[2026-02-24 20:33:37] [PROGRESS] explainability.chem_ace.generate_patches done=32750/68972 pct=47.5 patches=524000 patches_2d=253492 patches_3d=270508 mols_with_conf_done=32746/68966 mols_with_3d_patches_done=32742 mol_per_s=15.12 eta_s=2395.0 cpu_workers=23 phase=discover_train modalities=2d+3d+3d_qm dim_2d_used=733 dim_3dqm_used=309 dim_3d_geom=273 dim_3d_qm=36
[2026-02-24 20:33:53] [PROGRESS] explainability.chem_ace.generate_patches done=33000/68972 pct=47.8 patches=528000 patches_2d=255408 patches_3d=272592 mols_with_conf_done=32996/68966 mols_with_3d_patches_done=32992 mol_per_s=15.12 eta_s=2378.4 cpu_workers=23 phase=discover_train modalities=2d+3d+3d_qm dim_2d_used=733 dim_3dqm_used=309 dim_3d_geom=273 dim_3d_qm=36
[2026-02-24 20:34:07] [PROGRESS] explainability.chem_ace.generate_patches done=33250/68972 pct=48.2 patches=532000 patches_2d=257504 patches_3d=274496 mols_with_conf_done=33246/68966 mols_with_3d_patches_done=33242 mol_per_s=15.14 eta_s=2358.8 cpu_workers=23 phase=discover_train modalities=2d+3d+3d_qm dim_2d_used=733 dim_3dqm_used=309 dim_3d_geom=273 dim_3d_qm=36
[2026-02-24 20:34:22] [PROGRESS] explainability.chem_ace.generate_patches done=33500/68972 pct=48.6 patches=536000 patches_2d=259500 patches_3d=276500 mols_with_conf_done=33496/68966 mols_with_3d_patches_done=33492 mol_per_s=15.16 eta_s=2340.3 cpu_workers=23 phase=discover_train modalities=2d+3d+3d_qm dim_2d_used=733 dim_3dqm_used=309 dim_3d_geom=273 dim_3d_qm=36
[2026-02-24 20:34:35] [PROGRESS] explainability.chem_ace.generate_patches done=33750/68972 pct=48.9 patches=540000 patches_2d=261525 patches_3d=278475 mols_with_conf_done=33746/68966 mols_with_3d_patches_done=33742 mol_per_s=15.18 eta_s=2320.5 cpu_workers=23 phase=discover_train modalities=2d+3d+3d_qm dim_2d_used=733 dim_3dqm_used=309 dim_3d_geom=273 dim_3d_qm=36
[2026-02-24 20:34:48] [PROGRESS] explainability.chem_ace.generate_patches done=34000/68972 pct=49.3 patches=544000 patches_2d=263595 patches_3d=280405 mols_with_conf_done=33996/68966 mols_with_3d_patches_done=33992 mol_per_s=15.20 eta_s=2300.7 cpu_workers=23 phase=discover_train modalities=2d+3d+3d_qm dim_2d_used=733 dim_3dqm_used=309 dim_3d_geom=273 dim_3d_qm=36
[2026-02-24 20:35:04] [PROGRESS] explainability.chem_ace.generate_patches done=34250/68972 pct=49.7 patches=548000 patches_2d=265502 patches_3d=282498 mols_with_conf_done=34246/68966 mols_with_3d_patches_done=34242 mol_per_s=15.20 eta_s=2283.7 cpu_workers=23 phase=discover_train modalities=2d+3d+3d_qm dim_2d_used=733 dim_3dqm_used=309 dim_3d_geom=273 dim_3d_qm=36
[2026-02-24 20:35:18] [PROGRESS] explainability.chem_ace.generate_patches done=34500/68972 pct=50.0 patches=552000 patches_2d=267454 patches_3d=284546 mols_with_conf_done=34496/68966 mols_with_3d_patches_done=34492 mol_per_s=15.22 eta_s=2265.0 cpu_workers=23 phase=discover_train modalities=2d+3d+3d_qm dim_2d_used=733 dim_3dqm_used=309 dim_3d_geom=273 dim_3d_qm=36
[2026-02-24 20:35:31] [PROGRESS] explainability.chem_ace.generate_patches done=34750/68972 pct=50.4 patches=556000 patches_2d=269554 patches_3d=286446 mols_with_conf_done=34746/68966 mols_with_3d_patches_done=34742 mol_per_s=15.24 eta_s=2244.9 cpu_workers=23 phase=discover_train modalities=2d+3d+3d_qm dim_2d_used=733 dim_3dqm_used=309 dim_3d_geom=273 dim_3d_qm=36
[2026-02-24 20:35:45] [PROGRESS] explainability.chem_ace.generate_patches done=35000/68972 pct=50.7 patches=560000 patches_2d=271576 patches_3d=288424 mols_with_conf_done=34996/68966 mols_with_3d_patches_done=34992 mol_per_s=15.26 eta_s=2225.9 cpu_workers=23 phase=discover_train modalities=2d+3d+3d_qm dim_2d_used=733 dim_3dqm_used=309 dim_3d_geom=273 dim_3d_qm=36
[2026-02-24 20:35:59] [PROGRESS] explainability.chem_ace.generate_patches done=35250/68972 pct=51.1 patches=564000 patches_2d=273590 patches_3d=290410 mols_with_conf_done=35246/68966 mols_with_3d_patches_done=35242 mol_per_s=15.28 eta_s=2207.1 cpu_workers=23 phase=discover_train modalities=2d+3d+3d_qm dim_2d_used=733 dim_3dqm_used=309 dim_3d_geom=273 dim_3d_qm=36
[2026-02-24 20:36:13] [PROGRESS] explainability.chem_ace.generate_patches done=35500/68972 pct=51.5 patches=568000 patches_2d=275610 patches_3d=292390 mols_with_conf_done=35496/68966 mols_with_3d_patches_done=35492 mol_per_s=15.29 eta_s=2188.5 cpu_workers=23 phase=discover_train modalities=2d+3d+3d_qm dim_2d_used=733 dim_3dqm_used=309 dim_3d_geom=273 dim_3d_qm=36
[2026-02-24 20:36:25] [PROGRESS] explainability.chem_ace.generate_patches done=35750/68972 pct=51.8 patches=572000 patches_2d=277705 patches_3d=294295 mols_with_conf_done=35746/68966 mols_with_3d_patches_done=35742 mol_per_s=15.32 eta_s=2168.6 cpu_workers=23 phase=discover_train modalities=2d+3d+3d_qm dim_2d_used=733 dim_3dqm_used=309 dim_3d_geom=273 dim_3d_qm=36
[2026-02-24 20:36:39] [PROGRESS] explainability.chem_ace.generate_patches done=36000/68972 pct=52.2 patches=576000 patches_2d=279707 patches_3d=296293 mols_with_conf_done=35996/68966 mols_with_3d_patches_done=35992 mol_per_s=15.34 eta_s=2149.6 cpu_workers=23 phase=discover_train modalities=2d+3d+3d_qm dim_2d_used=733 dim_3dqm_used=309 dim_3d_geom=273 dim_3d_qm=36
[2026-02-24 20:36:52] [PROGRESS] explainability.chem_ace.generate_patches done=36250/68972 pct=52.6 patches=580000 patches_2d=281757 patches_3d=298243 mols_with_conf_done=36246/68966 mols_with_3d_patches_done=36242 mol_per_s=15.36 eta_s=2130.8 cpu_workers=23 phase=discover_train modalities=2d+3d+3d_qm dim_2d_used=733 dim_3dqm_used=309 dim_3d_geom=273 dim_3d_qm=36
[2026-02-24 20:37:06] [PROGRESS] explainability.chem_ace.generate_patches done=36500/68972 pct=52.9 patches=584000 patches_2d=283729 patches_3d=300271 mols_with_conf_done=36496/68966 mols_with_3d_patches_done=36492 mol_per_s=15.37 eta_s=2112.6 cpu_workers=23 phase=discover_train modalities=2d+3d+3d_qm dim_2d_used=733 dim_3dqm_used=309 dim_3d_geom=273 dim_3d_qm=36
[2026-02-24 20:37:20] [PROGRESS] explainability.chem_ace.generate_patches done=36750/68972 pct=53.3 patches=588000 patches_2d=285666 patches_3d=302334 mols_with_conf_done=36746/68966 mols_with_3d_patches_done=36742 mol_per_s=15.38 eta_s=2094.6 cpu_workers=23 phase=discover_train modalities=2d+3d+3d_qm dim_2d_used=733 dim_3dqm_used=309 dim_3d_geom=273 dim_3d_qm=36
[2026-02-24 20:37:33] [PROGRESS] explainability.chem_ace.generate_patches done=37000/68972 pct=53.6 patches=592000 patches_2d=287781 patches_3d=304219 mols_with_conf_done=36995/68966 mols_with_3d_patches_done=36991 mol_per_s=15.41 eta_s=2075.4 cpu_workers=23 phase=discover_train modalities=2d+3d+3d_qm dim_2d_used=733 dim_3dqm_used=309 dim_3d_geom=273 dim_3d_qm=36
[2026-02-24 20:37:47] [PROGRESS] explainability.chem_ace.generate_patches done=37250/68972 pct=54.0 patches=596000 patches_2d=289827 patches_3d=306173 mols_with_conf_done=37245/68966 mols_with_3d_patches_done=37241 mol_per_s=15.42 eta_s=2056.6 cpu_workers=23 phase=discover_train modalities=2d+3d+3d_qm dim_2d_used=733 dim_3dqm_used=309 dim_3d_geom=273 dim_3d_qm=36
[2026-02-24 20:38:00] [PROGRESS] explainability.chem_ace.generate_patches done=37500/68972 pct=54.4 patches=600000 patches_2d=291830 patches_3d=308170 mols_with_conf_done=37495/68966 mols_with_3d_patches_done=37491 mol_per_s=15.44 eta_s=2038.4 cpu_workers=23 phase=discover_train modalities=2d+3d+3d_qm dim_2d_used=733 dim_3dqm_used=309 dim_3d_geom=273 dim_3d_qm=36
[2026-02-24 20:38:14] [PROGRESS] explainability.chem_ace.generate_patches done=37750/68972 pct=54.7 patches=604000 patches_2d=293890 patches_3d=310110 mols_with_conf_done=37745/68966 mols_with_3d_patches_done=37741 mol_per_s=15.46 eta_s=2020.1 cpu_workers=23 phase=discover_train modalities=2d+3d+3d_qm dim_2d_used=733 dim_3dqm_used=309 dim_3d_geom=273 dim_3d_qm=36
[2026-02-24 20:38:27] [PROGRESS] explainability.chem_ace.generate_patches done=38000/68972 pct=55.1 patches=608000 patches_2d=295962 patches_3d=312038 mols_with_conf_done=37995/68966 mols_with_3d_patches_done=37991 mol_per_s=15.48 eta_s=2001.1 cpu_workers=23 phase=discover_train modalities=2d+3d+3d_qm dim_2d_used=733 dim_3dqm_used=309 dim_3d_geom=273 dim_3d_qm=36
[2026-02-24 20:38:41] [PROGRESS] explainability.chem_ace.generate_patches done=38250/68972 pct=55.5 patches=612000 patches_2d=297923 patches_3d=314077 mols_with_conf_done=38245/68966 mols_with_3d_patches_done=38241 mol_per_s=15.49 eta_s=1983.6 cpu_workers=23 phase=discover_train modalities=2d+3d+3d_qm dim_2d_used=733 dim_3dqm_used=309 dim_3d_geom=273 dim_3d_qm=36
[2026-02-24 20:38:55] [PROGRESS] explainability.chem_ace.generate_patches done=38500/68972 pct=55.8 patches=616000 patches_2d=299870 patches_3d=316130 mols_with_conf_done=38495/68966 mols_with_3d_patches_done=38491 mol_per_s=15.50 eta_s=1965.4 cpu_workers=23 phase=discover_train modalities=2d+3d+3d_qm dim_2d_used=733 dim_3dqm_used=309 dim_3d_geom=273 dim_3d_qm=36
[2026-02-24 20:39:10] [PROGRESS] explainability.chem_ace.generate_patches done=38750/68972 pct=56.2 patches=620000 patches_2d=301836 patches_3d=318164 mols_with_conf_done=38745/68966 mols_with_3d_patches_done=38740 mol_per_s=15.51 eta_s=1948.3 cpu_workers=23 phase=discover_train modalities=2d+3d+3d_qm dim_2d_used=733 dim_3dqm_used=309 dim_3d_geom=273 dim_3d_qm=36
[2026-02-24 20:39:24] [PROGRESS] explainability.chem_ace.generate_patches done=39000/68972 pct=56.5 patches=624000 patches_2d=303821 patches_3d=320179 mols_with_conf_done=38995/68966 mols_with_3d_patches_done=38990 mol_per_s=15.52 eta_s=1930.7 cpu_workers=23 phase=discover_train modalities=2d+3d+3d_qm dim_2d_used=733 dim_3dqm_used=309 dim_3d_geom=273 dim_3d_qm=36
[2026-02-24 20:39:39] [PROGRESS] explainability.chem_ace.generate_patches done=39250/68972 pct=56.9 patches=628000 patches_2d=305801 patches_3d=322199 mols_with_conf_done=39245/68966 mols_with_3d_patches_done=39240 mol_per_s=15.53 eta_s=1913.9 cpu_workers=23 phase=discover_train modalities=2d+3d+3d_qm dim_2d_used=733 dim_3dqm_used=309 dim_3d_geom=273 dim_3d_qm=36
[2026-02-24 20:39:54] [PROGRESS] explainability.chem_ace.generate_patches done=39500/68972 pct=57.3 patches=632000 patches_2d=307787 patches_3d=324213 mols_with_conf_done=39495/68966 mols_with_3d_patches_done=39490 mol_per_s=15.54 eta_s=1896.8 cpu_workers=23 phase=discover_train modalities=2d+3d+3d_qm dim_2d_used=733 dim_3dqm_used=309 dim_3d_geom=273 dim_3d_qm=36
[2026-02-24 20:40:08] [PROGRESS] explainability.chem_ace.generate_patches done=39750/68972 pct=57.6 patches=636000 patches_2d=309747 patches_3d=326253 mols_with_conf_done=39745/68966 mols_with_3d_patches_done=39740 mol_per_s=15.55 eta_s=1879.6 cpu_workers=23 phase=discover_train modalities=2d+3d+3d_qm dim_2d_used=733 dim_3dqm_used=309 dim_3d_geom=273 dim_3d_qm=36
[2026-02-24 20:40:26] [PROGRESS] explainability.chem_ace.generate_patches done=40000/68972 pct=58.0 patches=640000 patches_2d=311657 patches_3d=328343 mols_with_conf_done=39995/68966 mols_with_3d_patches_done=39990 mol_per_s=15.54 eta_s=1864.6 cpu_workers=23 phase=discover_train modalities=2d+3d+3d_qm dim_2d_used=733 dim_3dqm_used=309 dim_3d_geom=273 dim_3d_qm=36
[2026-02-24 20:40:39] [PROGRESS] explainability.chem_ace.generate_patches done=40250/68972 pct=58.4 patches=644000 patches_2d=313698 patches_3d=330302 mols_with_conf_done=40245/68966 mols_with_3d_patches_done=40240 mol_per_s=15.55 eta_s=1846.7 cpu_workers=23 phase=discover_train modalities=2d+3d+3d_qm dim_2d_used=733 dim_3dqm_used=309 dim_3d_geom=273 dim_3d_qm=36
[2026-02-24 20:40:54] [PROGRESS] explainability.chem_ace.generate_patches done=40500/68972 pct=58.7 patches=648000 patches_2d=315627 patches_3d=332373 mols_with_conf_done=40495/68966 mols_with_3d_patches_done=40490 mol_per_s=15.56 eta_s=1829.9 cpu_workers=23 phase=discover_train modalities=2d+3d+3d_qm dim_2d_used=733 dim_3dqm_used=309 dim_3d_geom=273 dim_3d_qm=36
[2026-02-24 20:41:07] [PROGRESS] explainability.chem_ace.generate_patches done=40750/68972 pct=59.1 patches=652000 patches_2d=317713 patches_3d=334287 mols_with_conf_done=40745/68966 mols_with_3d_patches_done=40740 mol_per_s=15.58 eta_s=1811.6 cpu_workers=23 phase=discover_train modalities=2d+3d+3d_qm dim_2d_used=733 dim_3dqm_used=309 dim_3d_geom=273 dim_3d_qm=36
[2026-02-24 20:41:21] [PROGRESS] explainability.chem_ace.generate_patches done=41000/68972 pct=59.4 patches=656000 patches_2d=319696 patches_3d=336304 mols_with_conf_done=40995/68966 mols_with_3d_patches_done=40990 mol_per_s=15.59 eta_s=1794.1 cpu_workers=23 phase=discover_train modalities=2d+3d+3d_qm dim_2d_used=733 dim_3dqm_used=309 dim_3d_geom=273 dim_3d_qm=36
[2026-02-24 20:41:34] [PROGRESS] explainability.chem_ace.generate_patches done=41250/68972 pct=59.8 patches=660000 patches_2d=321810 patches_3d=338190 mols_with_conf_done=41245/68966 mols_with_3d_patches_done=41240 mol_per_s=15.61 eta_s=1775.8 cpu_workers=23 phase=discover_train modalities=2d+3d+3d_qm dim_2d_used=733 dim_3dqm_used=309 dim_3d_geom=273 dim_3d_qm=36
[2026-02-24 20:41:47] [PROGRESS] explainability.chem_ace.generate_patches done=41500/68972 pct=60.2 patches=664000 patches_2d=323844 patches_3d=340156 mols_with_conf_done=41495/68966 mols_with_3d_patches_done=41489 mol_per_s=15.63 eta_s=1758.1 cpu_workers=23 phase=discover_train modalities=2d+3d+3d_qm dim_2d_used=733 dim_3dqm_used=309 dim_3d_geom=273 dim_3d_qm=36
[2026-02-24 20:42:00] [PROGRESS] explainability.chem_ace.generate_patches done=41750/68972 pct=60.5 patches=668000 patches_2d=325918 patches_3d=342082 mols_with_conf_done=41745/68966 mols_with_3d_patches_done=41739 mol_per_s=15.64 eta_s=1740.0 cpu_workers=23 phase=discover_train modalities=2d+3d+3d_qm dim_2d_used=733 dim_3dqm_used=309 dim_3d_geom=273 dim_3d_qm=36
[2026-02-24 20:42:14] [PROGRESS] explainability.chem_ace.generate_patches done=42000/68972 pct=60.9 patches=672000 patches_2d=327908 patches_3d=344092 mols_with_conf_done=41995/68966 mols_with_3d_patches_done=41989 mol_per_s=15.66 eta_s=1722.4 cpu_workers=23 phase=discover_train modalities=2d+3d+3d_qm dim_2d_used=733 dim_3dqm_used=309 dim_3d_geom=273 dim_3d_qm=36
[2026-02-24 20:42:27] [PROGRESS] explainability.chem_ace.generate_patches done=42250/68972 pct=61.3 patches=676000 patches_2d=329936 patches_3d=346064 mols_with_conf_done=42245/68966 mols_with_3d_patches_done=42239 mol_per_s=15.68 eta_s=1704.5 cpu_workers=23 phase=discover_train modalities=2d+3d+3d_qm dim_2d_used=733 dim_3dqm_used=309 dim_3d_geom=273 dim_3d_qm=36
[2026-02-24 20:42:42] [PROGRESS] explainability.chem_ace.generate_patches done=42500/68972 pct=61.6 patches=680000 patches_2d=331873 patches_3d=348127 mols_with_conf_done=42495/68966 mols_with_3d_patches_done=42489 mol_per_s=15.68 eta_s=1688.6 cpu_workers=23 phase=discover_train modalities=2d+3d+3d_qm dim_2d_used=733 dim_3dqm_used=309 dim_3d_geom=273 dim_3d_qm=36
[2026-02-24 20:42:57] [PROGRESS] explainability.chem_ace.generate_patches done=42750/68972 pct=62.0 patches=684000 patches_2d=333884 patches_3d=350116 mols_with_conf_done=42745/68966 mols_with_3d_patches_done=42739 mol_per_s=15.68 eta_s=1672.0 cpu_workers=23 phase=discover_train modalities=2d+3d+3d_qm dim_2d_used=733 dim_3dqm_used=309 dim_3d_geom=273 dim_3d_qm=36
[2026-02-24 20:43:11] [PROGRESS] explainability.chem_ace.generate_patches done=43000/68972 pct=62.3 patches=688000 patches_2d=335911 patches_3d=352089 mols_with_conf_done=42995/68966 mols_with_3d_patches_done=42989 mol_per_s=15.70 eta_s=1654.6 cpu_workers=23 phase=discover_train modalities=2d+3d+3d_qm dim_2d_used=733 dim_3dqm_used=309 dim_3d_geom=273 dim_3d_qm=36
[2026-02-24 20:43:23] [PROGRESS] explainability.chem_ace.generate_patches done=43250/68972 pct=62.7 patches=692000 patches_2d=337945 patches_3d=354055 mols_with_conf_done=43245/68966 mols_with_3d_patches_done=43239 mol_per_s=15.72 eta_s=1636.5 cpu_workers=23 phase=discover_train modalities=2d+3d+3d_qm dim_2d_used=733 dim_3dqm_used=309 dim_3d_geom=273 dim_3d_qm=36
[2026-02-24 20:43:36] [PROGRESS] explainability.chem_ace.generate_patches done=43500/68972 pct=63.1 patches=696000 patches_2d=340069 patches_3d=355931 mols_with_conf_done=43495/68966 mols_with_3d_patches_done=43489 mol_per_s=15.73 eta_s=1619.0 cpu_workers=23 phase=discover_train modalities=2d+3d+3d_qm dim_2d_used=733 dim_3dqm_used=309 dim_3d_geom=273 dim_3d_qm=36
[2026-02-24 20:43:49] [PROGRESS] explainability.chem_ace.generate_patches done=43750/68972 pct=63.4 patches=700000 patches_2d=342107 patches_3d=357893 mols_with_conf_done=43745/68966 mols_with_3d_patches_done=43739 mol_per_s=15.75 eta_s=1601.3 cpu_workers=23 phase=discover_train modalities=2d+3d+3d_qm dim_2d_used=733 dim_3dqm_used=309 dim_3d_geom=273 dim_3d_qm=36
[2026-02-24 20:44:03] [PROGRESS] explainability.chem_ace.generate_patches done=44000/68972 pct=63.8 patches=704000 patches_2d=344204 patches_3d=359796 mols_with_conf_done=43995/68966 mols_with_3d_patches_done=43989 mol_per_s=15.76 eta_s=1584.1 cpu_workers=23 phase=discover_train modalities=2d+3d+3d_qm dim_2d_used=733 dim_3dqm_used=309 dim_3d_geom=273 dim_3d_qm=36
[2026-02-24 20:44:17] [PROGRESS] explainability.chem_ace.generate_patches done=44250/68972 pct=64.2 patches=708000 patches_2d=346149 patches_3d=361851 mols_with_conf_done=44245/68966 mols_with_3d_patches_done=44239 mol_per_s=15.77 eta_s=1567.3 cpu_workers=23 phase=discover_train modalities=2d+3d+3d_qm dim_2d_used=733 dim_3dqm_used=309 dim_3d_geom=273 dim_3d_qm=36
[2026-02-24 20:44:31] [PROGRESS] explainability.chem_ace.generate_patches done=44500/68972 pct=64.5 patches=712000 patches_2d=348227 patches_3d=363773 mols_with_conf_done=44495/68966 mols_with_3d_patches_done=44489 mol_per_s=15.78 eta_s=1550.4 cpu_workers=23 phase=discover_train modalities=2d+3d+3d_qm dim_2d_used=733 dim_3dqm_used=309 dim_3d_geom=273 dim_3d_qm=36
[2026-02-24 20:44:43] [PROGRESS] explainability.chem_ace.generate_patches done=44750/68972 pct=64.9 patches=716000 patches_2d=350332 patches_3d=365668 mols_with_conf_done=44745/68966 mols_with_3d_patches_done=44739 mol_per_s=15.80 eta_s=1532.8 cpu_workers=23 phase=discover_train modalities=2d+3d+3d_qm dim_2d_used=733 dim_3dqm_used=309 dim_3d_geom=273 dim_3d_qm=36
[2026-02-24 20:44:57] [PROGRESS] explainability.chem_ace.generate_patches done=45000/68972 pct=65.2 patches=720000 patches_2d=352293 patches_3d=367707 mols_with_conf_done=44995/68966 mols_with_3d_patches_done=44989 mol_per_s=15.81 eta_s=1516.1 cpu_workers=23 phase=discover_train modalities=2d+3d+3d_qm dim_2d_used=733 dim_3dqm_used=309 dim_3d_geom=273 dim_3d_qm=36
[2026-02-24 20:45:12] [PROGRESS] explainability.chem_ace.generate_patches done=45250/68972 pct=65.6 patches=724000 patches_2d=354296 patches_3d=369704 mols_with_conf_done=45244/68966 mols_with_3d_patches_done=45238 mol_per_s=15.82 eta_s=1499.8 cpu_workers=23 phase=discover_train modalities=2d+3d+3d_qm dim_2d_used=733 dim_3dqm_used=309 dim_3d_geom=273 dim_3d_qm=36
[2026-02-24 20:45:26] [PROGRESS] explainability.chem_ace.generate_patches done=45500/68972 pct=66.0 patches=728000 patches_2d=356291 patches_3d=371709 mols_with_conf_done=45494/68966 mols_with_3d_patches_done=45488 mol_per_s=15.83 eta_s=1482.9 cpu_workers=23 phase=discover_train modalities=2d+3d+3d_qm dim_2d_used=733 dim_3dqm_used=309 dim_3d_geom=273 dim_3d_qm=36
[2026-02-24 20:45:40] [PROGRESS] explainability.chem_ace.generate_patches done=45750/68972 pct=66.3 patches=732000 patches_2d=358255 patches_3d=373745 mols_with_conf_done=45744/68966 mols_with_3d_patches_done=45738 mol_per_s=15.84 eta_s=1466.4 cpu_workers=23 phase=discover_train modalities=2d+3d+3d_qm dim_2d_used=733 dim_3dqm_used=309 dim_3d_geom=273 dim_3d_qm=36
[2026-02-24 20:45:55] [PROGRESS] explainability.chem_ace.generate_patches done=46000/68972 pct=66.7 patches=736000 patches_2d=360127 patches_3d=375873 mols_with_conf_done=45994/68966 mols_with_3d_patches_done=45988 mol_per_s=15.84 eta_s=1450.2 cpu_workers=23 phase=discover_train modalities=2d+3d+3d_qm dim_2d_used=733 dim_3dqm_used=309 dim_3d_geom=273 dim_3d_qm=36
[2026-02-24 20:46:09] [PROGRESS] explainability.chem_ace.generate_patches done=46250/68972 pct=67.1 patches=740000 patches_2d=362196 patches_3d=377804 mols_with_conf_done=46244/68966 mols_with_3d_patches_done=46238 mol_per_s=15.85 eta_s=1433.4 cpu_workers=23 phase=discover_train modalities=2d+3d+3d_qm dim_2d_used=733 dim_3dqm_used=309 dim_3d_geom=273 dim_3d_qm=36
[2026-02-24 20:46:23] [PROGRESS] explainability.chem_ace.generate_patches done=46500/68972 pct=67.4 patches=744000 patches_2d=364223 patches_3d=379777 mols_with_conf_done=46494/68966 mols_with_3d_patches_done=46488 mol_per_s=15.86 eta_s=1416.7 cpu_workers=23 phase=discover_train modalities=2d+3d+3d_qm dim_2d_used=733 dim_3dqm_used=309 dim_3d_geom=273 dim_3d_qm=36
[2026-02-24 20:46:37] [PROGRESS] explainability.chem_ace.generate_patches done=46750/68972 pct=67.8 patches=748000 patches_2d=366241 patches_3d=381759 mols_with_conf_done=46744/68966 mols_with_3d_patches_done=46738 mol_per_s=15.87 eta_s=1399.9 cpu_workers=23 phase=discover_train modalities=2d+3d+3d_qm dim_2d_used=733 dim_3dqm_used=309 dim_3d_geom=273 dim_3d_qm=36
[2026-02-24 20:46:50] [PROGRESS] explainability.chem_ace.generate_patches done=47000/68972 pct=68.1 patches=752000 patches_2d=368221 patches_3d=383779 mols_with_conf_done=46994/68966 mols_with_3d_patches_done=46988 mol_per_s=15.88 eta_s=1383.3 cpu_workers=23 phase=discover_train modalities=2d+3d+3d_qm dim_2d_used=733 dim_3dqm_used=309 dim_3d_geom=273 dim_3d_qm=36
[2026-02-24 20:47:05] [PROGRESS] explainability.chem_ace.generate_patches done=47250/68972 pct=68.5 patches=756000 patches_2d=370240 patches_3d=385760 mols_with_conf_done=47244/68966 mols_with_3d_patches_done=47238 mol_per_s=15.89 eta_s=1366.9 cpu_workers=23 phase=discover_train modalities=2d+3d+3d_qm dim_2d_used=733 dim_3dqm_used=309 dim_3d_geom=273 dim_3d_qm=36
[2026-02-24 20:47:19] [PROGRESS] explainability.chem_ace.generate_patches done=47500/68972 pct=68.9 patches=760000 patches_2d=372303 patches_3d=387697 mols_with_conf_done=47494/68966 mols_with_3d_patches_done=47488 mol_per_s=15.90 eta_s=1350.3 cpu_workers=23 phase=discover_train modalities=2d+3d+3d_qm dim_2d_used=733 dim_3dqm_used=309 dim_3d_geom=273 dim_3d_qm=36
[2026-02-24 20:47:34] [PROGRESS] explainability.chem_ace.generate_patches done=47750/68972 pct=69.2 patches=764000 patches_2d=374232 patches_3d=389768 mols_with_conf_done=47744/68966 mols_with_3d_patches_done=47738 mol_per_s=15.91 eta_s=1334.3 cpu_workers=23 phase=discover_train modalities=2d+3d+3d_qm dim_2d_used=733 dim_3dqm_used=309 dim_3d_geom=273 dim_3d_qm=36
[2026-02-24 20:47:48] [PROGRESS] explainability.chem_ace.generate_patches done=48000/68972 pct=69.6 patches=768000 patches_2d=376317 patches_3d=391683 mols_with_conf_done=47994/68966 mols_with_3d_patches_done=47988 mol_per_s=15.91 eta_s=1318.1 cpu_workers=23 phase=discover_train modalities=2d+3d+3d_qm dim_2d_used=733 dim_3dqm_used=309 dim_3d_geom=273 dim_3d_qm=36
[2026-02-24 20:48:01] [PROGRESS] explainability.chem_ace.generate_patches done=48250/68972 pct=70.0 patches=772000 patches_2d=378429 patches_3d=393571 mols_with_conf_done=48244/68966 mols_with_3d_patches_done=48238 mol_per_s=15.93 eta_s=1301.1 cpu_workers=23 phase=discover_train modalities=2d+3d+3d_qm dim_2d_used=733 dim_3dqm_used=309 dim_3d_geom=273 dim_3d_qm=36
[2026-02-24 20:48:16] [PROGRESS] explainability.chem_ace.generate_patches done=48500/68972 pct=70.3 patches=776000 patches_2d=380372 patches_3d=395628 mols_with_conf_done=48494/68966 mols_with_3d_patches_done=48488 mol_per_s=15.93 eta_s=1285.0 cpu_workers=23 phase=discover_train modalities=2d+3d+3d_qm dim_2d_used=733 dim_3dqm_used=309 dim_3d_geom=273 dim_3d_qm=36
[2026-02-24 20:48:29] [PROGRESS] explainability.chem_ace.generate_patches done=48750/68972 pct=70.7 patches=780000 patches_2d=382459 patches_3d=397541 mols_with_conf_done=48744/68966 mols_with_3d_patches_done=48738 mol_per_s=15.95 eta_s=1268.1 cpu_workers=23 phase=discover_train modalities=2d+3d+3d_qm dim_2d_used=733 dim_3dqm_used=309 dim_3d_geom=273 dim_3d_qm=36
[2026-02-24 20:48:43] [PROGRESS] explainability.chem_ace.generate_patches done=49000/68972 pct=71.0 patches=784000 patches_2d=384470 patches_3d=399530 mols_with_conf_done=48994/68966 mols_with_3d_patches_done=48988 mol_per_s=15.95 eta_s=1252.1 cpu_workers=23 phase=discover_train modalities=2d+3d+3d_qm dim_2d_used=733 dim_3dqm_used=309 dim_3d_geom=273 dim_3d_qm=36
[2026-02-24 20:48:58] [PROGRESS] explainability.chem_ace.generate_patches done=49250/68972 pct=71.4 patches=788000 patches_2d=386441 patches_3d=401559 mols_with_conf_done=49244/68966 mols_with_3d_patches_done=49238 mol_per_s=15.96 eta_s=1236.0 cpu_workers=23 phase=discover_train modalities=2d+3d+3d_qm dim_2d_used=733 dim_3dqm_used=309 dim_3d_geom=273 dim_3d_qm=36
[2026-02-24 20:49:12] [PROGRESS] explainability.chem_ace.generate_patches done=49500/68972 pct=71.8 patches=792000 patches_2d=388460 patches_3d=403540 mols_with_conf_done=49494/68966 mols_with_3d_patches_done=49488 mol_per_s=15.96 eta_s=1219.8 cpu_workers=23 phase=discover_train modalities=2d+3d+3d_qm dim_2d_used=733 dim_3dqm_used=309 dim_3d_geom=273 dim_3d_qm=36
[2026-02-24 20:49:26] [PROGRESS] explainability.chem_ace.generate_patches done=49750/68972 pct=72.1 patches=796000 patches_2d=390458 patches_3d=405542 mols_with_conf_done=49744/68966 mols_with_3d_patches_done=49738 mol_per_s=15.97 eta_s=1203.3 cpu_workers=23 phase=discover_train modalities=2d+3d+3d_qm dim_2d_used=733 dim_3dqm_used=309 dim_3d_geom=273 dim_3d_qm=36
[2026-02-24 20:49:40] [PROGRESS] explainability.chem_ace.generate_patches done=50000/68972 pct=72.5 patches=800000 patches_2d=392494 patches_3d=407506 mols_with_conf_done=49994/68966 mols_with_3d_patches_done=49988 mol_per_s=15.98 eta_s=1187.0 cpu_workers=23 phase=discover_train modalities=2d+3d+3d_qm dim_2d_used=733 dim_3dqm_used=309 dim_3d_geom=273 dim_3d_qm=36
[2026-02-24 20:49:54] [PROGRESS] explainability.chem_ace.generate_patches done=50250/68972 pct=72.9 patches=804000 patches_2d=394477 patches_3d=409523 mols_with_conf_done=50244/68966 mols_with_3d_patches_done=50238 mol_per_s=15.99 eta_s=1171.0 cpu_workers=23 phase=discover_train modalities=2d+3d+3d_qm dim_2d_used=733 dim_3dqm_used=309 dim_3d_geom=273 dim_3d_qm=36
[2026-02-24 20:50:07] [PROGRESS] explainability.chem_ace.generate_patches done=50500/68972 pct=73.2 patches=808000 patches_2d=396615 patches_3d=411385 mols_with_conf_done=50494/68966 mols_with_3d_patches_done=50488 mol_per_s=16.01 eta_s=1154.1 cpu_workers=23 phase=discover_train modalities=2d+3d+3d_qm dim_2d_used=733 dim_3dqm_used=309 dim_3d_geom=273 dim_3d_qm=36
[2026-02-24 20:50:19] [PROGRESS] explainability.chem_ace.generate_patches done=50750/68972 pct=73.6 patches=812000 patches_2d=398669 patches_3d=413331 mols_with_conf_done=50744/68966 mols_with_3d_patches_done=50738 mol_per_s=16.02 eta_s=1137.5 cpu_workers=23 phase=discover_train modalities=2d+3d+3d_qm dim_2d_used=733 dim_3dqm_used=309 dim_3d_geom=273 dim_3d_qm=36
[2026-02-24 20:50:36] [PROGRESS] explainability.chem_ace.generate_patches done=51000/68972 pct=73.9 patches=816000 patches_2d=400584 patches_3d=415416 mols_with_conf_done=50994/68966 mols_with_3d_patches_done=50988 mol_per_s=16.02 eta_s=1122.0 cpu_workers=23 phase=discover_train modalities=2d+3d+3d_qm dim_2d_used=733 dim_3dqm_used=309 dim_3d_geom=273 dim_3d_qm=36
[2026-02-24 20:50:50] [PROGRESS] explainability.chem_ace.generate_patches done=51250/68972 pct=74.3 patches=820000 patches_2d=402623 patches_3d=417377 mols_with_conf_done=51244/68966 mols_with_3d_patches_done=51238 mol_per_s=16.02 eta_s=1106.0 cpu_workers=23 phase=discover_train modalities=2d+3d+3d_qm dim_2d_used=733 dim_3dqm_used=309 dim_3d_geom=273 dim_3d_qm=36
[2026-02-24 20:51:04] [PROGRESS] explainability.chem_ace.generate_patches done=51500/68972 pct=74.7 patches=824000 patches_2d=404635 patches_3d=419365 mols_with_conf_done=51494/68966 mols_with_3d_patches_done=51488 mol_per_s=16.03 eta_s=1089.8 cpu_workers=23 phase=discover_train modalities=2d+3d+3d_qm dim_2d_used=733 dim_3dqm_used=309 dim_3d_geom=273 dim_3d_qm=36
[2026-02-24 20:51:17] [PROGRESS] explainability.chem_ace.generate_patches done=51750/68972 pct=75.0 patches=828000 patches_2d=406779 patches_3d=421221 mols_with_conf_done=51744/68966 mols_with_3d_patches_done=51738 mol_per_s=16.04 eta_s=1073.5 cpu_workers=23 phase=discover_train modalities=2d+3d+3d_qm dim_2d_used=733 dim_3dqm_used=309 dim_3d_geom=273 dim_3d_qm=36
[2026-02-24 20:51:30] [PROGRESS] explainability.chem_ace.generate_patches done=52000/68972 pct=75.4 patches=832000 patches_2d=408906 patches_3d=423094 mols_with_conf_done=51994/68966 mols_with_3d_patches_done=51988 mol_per_s=16.06 eta_s=1056.9 cpu_workers=23 phase=discover_train modalities=2d+3d+3d_qm dim_2d_used=733 dim_3dqm_used=309 dim_3d_geom=273 dim_3d_qm=36
[2026-02-24 20:51:43] [PROGRESS] explainability.chem_ace.generate_patches done=52250/68972 pct=75.8 patches=836000 patches_2d=410900 patches_3d=425100 mols_with_conf_done=52244/68966 mols_with_3d_patches_done=52238 mol_per_s=16.07 eta_s=1040.7 cpu_workers=23 phase=discover_train modalities=2d+3d+3d_qm dim_2d_used=733 dim_3dqm_used=309 dim_3d_geom=273 dim_3d_qm=36
[2026-02-24 20:51:56] [PROGRESS] explainability.chem_ace.generate_patches done=52500/68972 pct=76.1 patches=840000 patches_2d=412980 patches_3d=427020 mols_with_conf_done=52494/68966 mols_with_3d_patches_done=52488 mol_per_s=16.08 eta_s=1024.4 cpu_workers=23 phase=discover_train modalities=2d+3d+3d_qm dim_2d_used=733 dim_3dqm_used=309 dim_3d_geom=273 dim_3d_qm=36
[2026-02-24 20:52:09] [PROGRESS] explainability.chem_ace.generate_patches done=52750/68972 pct=76.5 patches=844000 patches_2d=415060 patches_3d=428940 mols_with_conf_done=52744/68966 mols_with_3d_patches_done=52738 mol_per_s=16.09 eta_s=1007.9 cpu_workers=23 phase=discover_train modalities=2d+3d+3d_qm dim_2d_used=733 dim_3dqm_used=309 dim_3d_geom=273 dim_3d_qm=36
[2026-02-24 20:52:24] [PROGRESS] explainability.chem_ace.generate_patches done=53000/68972 pct=76.8 patches=848000 patches_2d=417041 patches_3d=430959 mols_with_conf_done=52994/68966 mols_with_3d_patches_done=52988 mol_per_s=16.10 eta_s=992.1 cpu_workers=23 phase=discover_train modalities=2d+3d+3d_qm dim_2d_used=733 dim_3dqm_used=309 dim_3d_geom=273 dim_3d_qm=36
[2026-02-24 20:52:38] [PROGRESS] explainability.chem_ace.generate_patches done=53250/68972 pct=77.2 patches=852000 patches_2d=419048 patches_3d=432952 mols_with_conf_done=53244/68966 mols_with_3d_patches_done=53238 mol_per_s=16.11 eta_s=976.2 cpu_workers=23 phase=discover_train modalities=2d+3d+3d_qm dim_2d_used=733 dim_3dqm_used=309 dim_3d_geom=273 dim_3d_qm=36
[2026-02-24 20:52:52] [PROGRESS] explainability.chem_ace.generate_patches done=53500/68972 pct=77.6 patches=856000 patches_2d=420993 patches_3d=435007 mols_with_conf_done=53494/68966 mols_with_3d_patches_done=53488 mol_per_s=16.11 eta_s=960.4 cpu_workers=23 phase=discover_train modalities=2d+3d+3d_qm dim_2d_used=733 dim_3dqm_used=309 dim_3d_geom=273 dim_3d_qm=36
[2026-02-24 20:53:07] [PROGRESS] explainability.chem_ace.generate_patches done=53750/68972 pct=77.9 patches=860000 patches_2d=422920 patches_3d=437080 mols_with_conf_done=53744/68966 mols_with_3d_patches_done=53738 mol_per_s=16.12 eta_s=944.5 cpu_workers=23 phase=discover_train modalities=2d+3d+3d_qm dim_2d_used=733 dim_3dqm_used=309 dim_3d_geom=273 dim_3d_qm=36
[2026-02-24 20:53:21] [PROGRESS] explainability.chem_ace.generate_patches done=54000/68972 pct=78.3 patches=864000 patches_2d=424855 patches_3d=439145 mols_with_conf_done=53994/68966 mols_with_3d_patches_done=53988 mol_per_s=16.12 eta_s=928.7 cpu_workers=23 phase=discover_train modalities=2d+3d+3d_qm dim_2d_used=733 dim_3dqm_used=309 dim_3d_geom=273 dim_3d_qm=36
[2026-02-24 20:53:34] [PROGRESS] explainability.chem_ace.generate_patches done=54250/68972 pct=78.7 patches=868000 patches_2d=426926 patches_3d=441074 mols_with_conf_done=54244/68966 mols_with_3d_patches_done=54238 mol_per_s=16.13 eta_s=912.6 cpu_workers=23 phase=discover_train modalities=2d+3d+3d_qm dim_2d_used=733 dim_3dqm_used=309 dim_3d_geom=273 dim_3d_qm=36
[2026-02-24 20:53:48] [PROGRESS] explainability.chem_ace.generate_patches done=54500/68972 pct=79.0 patches=872000 patches_2d=428948 patches_3d=443052 mols_with_conf_done=54494/68966 mols_with_3d_patches_done=54488 mol_per_s=16.14 eta_s=896.6 cpu_workers=23 phase=discover_train modalities=2d+3d+3d_qm dim_2d_used=733 dim_3dqm_used=309 dim_3d_geom=273 dim_3d_qm=36
[2026-02-24 20:53:59] [PROGRESS] explainability.chem_ace.generate_patches done=54750/68972 pct=79.4 patches=876000 patches_2d=431099 patches_3d=444901 mols_with_conf_done=54744/68966 mols_with_3d_patches_done=54737 mol_per_s=16.16 eta_s=880.0 cpu_workers=23 phase=discover_train modalities=2d+3d+3d_qm dim_2d_used=733 dim_3dqm_used=309 dim_3d_geom=273 dim_3d_qm=36
[2026-02-24 20:54:11] [PROGRESS] explainability.chem_ace.generate_patches done=55000/68972 pct=79.7 patches=880000 patches_2d=433203 patches_3d=446797 mols_with_conf_done=54994/68966 mols_with_3d_patches_done=54987 mol_per_s=16.18 eta_s=863.7 cpu_workers=23 phase=discover_train modalities=2d+3d+3d_qm dim_2d_used=733 dim_3dqm_used=309 dim_3d_geom=273 dim_3d_qm=36
[2026-02-24 20:54:26] [PROGRESS] explainability.chem_ace.generate_patches done=55250/68972 pct=80.1 patches=884000 patches_2d=435156 patches_3d=448844 mols_with_conf_done=55244/68966 mols_with_3d_patches_done=55237 mol_per_s=16.18 eta_s=848.0 cpu_workers=23 phase=discover_train modalities=2d+3d+3d_qm dim_2d_used=733 dim_3dqm_used=309 dim_3d_geom=273 dim_3d_qm=36
[2026-02-24 20:54:40] [PROGRESS] explainability.chem_ace.generate_patches done=55500/68972 pct=80.5 patches=888000 patches_2d=437187 patches_3d=450813 mols_with_conf_done=55494/68966 mols_with_3d_patches_done=55487 mol_per_s=16.19 eta_s=832.2 cpu_workers=23 phase=discover_train modalities=2d+3d+3d_qm dim_2d_used=733 dim_3dqm_used=309 dim_3d_geom=273 dim_3d_qm=36
[2026-02-24 20:54:55] [PROGRESS] explainability.chem_ace.generate_patches done=55750/68972 pct=80.8 patches=892000 patches_2d=439175 patches_3d=452825 mols_with_conf_done=55744/68966 mols_with_3d_patches_done=55737 mol_per_s=16.19 eta_s=816.6 cpu_workers=23 phase=discover_train modalities=2d+3d+3d_qm dim_2d_used=733 dim_3dqm_used=309 dim_3d_geom=273 dim_3d_qm=36
[2026-02-24 20:55:08] [PROGRESS] explainability.chem_ace.generate_patches done=56000/68972 pct=81.2 patches=896000 patches_2d=441210 patches_3d=454790 mols_with_conf_done=55994/68966 mols_with_3d_patches_done=55987 mol_per_s=16.20 eta_s=800.8 cpu_workers=23 phase=discover_train modalities=2d+3d+3d_qm dim_2d_used=733 dim_3dqm_used=309 dim_3d_geom=273 dim_3d_qm=36
[2026-02-24 20:55:22] [PROGRESS] explainability.chem_ace.generate_patches done=56250/68972 pct=81.6 patches=900000 patches_2d=443221 patches_3d=456779 mols_with_conf_done=56244/68966 mols_with_3d_patches_done=56237 mol_per_s=16.21 eta_s=784.9 cpu_workers=23 phase=discover_train modalities=2d+3d+3d_qm dim_2d_used=733 dim_3dqm_used=309 dim_3d_geom=273 dim_3d_qm=36
[2026-02-24 20:55:35] [PROGRESS] explainability.chem_ace.generate_patches done=56500/68972 pct=81.9 patches=904000 patches_2d=445342 patches_3d=458658 mols_with_conf_done=56494/68966 mols_with_3d_patches_done=56487 mol_per_s=16.22 eta_s=769.0 cpu_workers=23 phase=discover_train modalities=2d+3d+3d_qm dim_2d_used=733 dim_3dqm_used=309 dim_3d_geom=273 dim_3d_qm=36
[2026-02-24 20:55:51] [PROGRESS] explainability.chem_ace.generate_patches done=56750/68972 pct=82.3 patches=908000 patches_2d=447345 patches_3d=460655 mols_with_conf_done=56744/68966 mols_with_3d_patches_done=56737 mol_per_s=16.22 eta_s=753.6 cpu_workers=23 phase=discover_train modalities=2d+3d+3d_qm dim_2d_used=733 dim_3dqm_used=309 dim_3d_geom=273 dim_3d_qm=36
[2026-02-24 20:56:06] [PROGRESS] explainability.chem_ace.generate_patches done=57000/68972 pct=82.6 patches=912000 patches_2d=449357 patches_3d=462643 mols_with_conf_done=56994/68966 mols_with_3d_patches_done=56987 mol_per_s=16.22 eta_s=738.1 cpu_workers=23 phase=discover_train modalities=2d+3d+3d_qm dim_2d_used=733 dim_3dqm_used=309 dim_3d_geom=273 dim_3d_qm=36
[2026-02-24 20:56:22] [PROGRESS] explainability.chem_ace.generate_patches done=57250/68972 pct=83.0 patches=916000 patches_2d=451242 patches_3d=464758 mols_with_conf_done=57244/68966 mols_with_3d_patches_done=57237 mol_per_s=16.22 eta_s=722.8 cpu_workers=23 phase=discover_train modalities=2d+3d+3d_qm dim_2d_used=733 dim_3dqm_used=309 dim_3d_geom=273 dim_3d_qm=36
[2026-02-24 20:56:36] [PROGRESS] explainability.chem_ace.generate_patches done=57500/68972 pct=83.4 patches=920000 patches_2d=453203 patches_3d=466797 mols_with_conf_done=57494/68966 mols_with_3d_patches_done=57487 mol_per_s=16.22 eta_s=707.1 cpu_workers=23 phase=discover_train modalities=2d+3d+3d_qm dim_2d_used=733 dim_3dqm_used=309 dim_3d_geom=273 dim_3d_qm=36
[2026-02-24 20:56:49] [PROGRESS] explainability.chem_ace.generate_patches done=57750/68972 pct=83.7 patches=924000 patches_2d=455263 patches_3d=468737 mols_with_conf_done=57744/68966 mols_with_3d_patches_done=57737 mol_per_s=16.23 eta_s=691.4 cpu_workers=23 phase=discover_train modalities=2d+3d+3d_qm dim_2d_used=733 dim_3dqm_used=309 dim_3d_geom=273 dim_3d_qm=36
[2026-02-24 20:57:04] [PROGRESS] explainability.chem_ace.generate_patches done=58000/68972 pct=84.1 patches=928000 patches_2d=457184 patches_3d=470816 mols_with_conf_done=57994/68966 mols_with_3d_patches_done=57987 mol_per_s=16.23 eta_s=675.9 cpu_workers=23 phase=discover_train modalities=2d+3d+3d_qm dim_2d_used=733 dim_3dqm_used=309 dim_3d_geom=273 dim_3d_qm=36
[2026-02-24 20:57:17] [PROGRESS] explainability.chem_ace.generate_patches done=58250/68972 pct=84.5 patches=932000 patches_2d=459156 patches_3d=472844 mols_with_conf_done=58244/68966 mols_with_3d_patches_done=58237 mol_per_s=16.24 eta_s=660.0 cpu_workers=23 phase=discover_train modalities=2d+3d+3d_qm dim_2d_used=733 dim_3dqm_used=309 dim_3d_geom=273 dim_3d_qm=36
[2026-02-24 20:57:30] [PROGRESS] explainability.chem_ace.generate_patches done=58500/68972 pct=84.8 patches=936000 patches_2d=461300 patches_3d=474700 mols_with_conf_done=58494/68966 mols_with_3d_patches_done=58486 mol_per_s=16.26 eta_s=644.2 cpu_workers=23 phase=discover_train modalities=2d+3d+3d_qm dim_2d_used=733 dim_3dqm_used=309 dim_3d_geom=273 dim_3d_qm=36
[2026-02-24 20:57:43] [PROGRESS] explainability.chem_ace.generate_patches done=58750/68972 pct=85.2 patches=940000 patches_2d=463384 patches_3d=476616 mols_with_conf_done=58744/68966 mols_with_3d_patches_done=58736 mol_per_s=16.27 eta_s=628.4 cpu_workers=23 phase=discover_train modalities=2d+3d+3d_qm dim_2d_used=733 dim_3dqm_used=309 dim_3d_geom=273 dim_3d_qm=36
[2026-02-24 20:57:56] [PROGRESS] explainability.chem_ace.generate_patches done=59000/68972 pct=85.5 patches=944000 patches_2d=465493 patches_3d=478507 mols_with_conf_done=58994/68966 mols_with_3d_patches_done=58986 mol_per_s=16.28 eta_s=612.7 cpu_workers=23 phase=discover_train modalities=2d+3d+3d_qm dim_2d_used=733 dim_3dqm_used=309 dim_3d_geom=273 dim_3d_qm=36
[2026-02-24 20:58:10] [PROGRESS] explainability.chem_ace.generate_patches done=59250/68972 pct=85.9 patches=948000 patches_2d=467498 patches_3d=480502 mols_with_conf_done=59244/68966 mols_with_3d_patches_done=59236 mol_per_s=16.28 eta_s=597.0 cpu_workers=23 phase=discover_train modalities=2d+3d+3d_qm dim_2d_used=733 dim_3dqm_used=309 dim_3d_geom=273 dim_3d_qm=36
[2026-02-24 20:58:25] [PROGRESS] explainability.chem_ace.generate_patches done=59500/68972 pct=86.3 patches=952000 patches_2d=469445 patches_3d=482555 mols_with_conf_done=59494/68966 mols_with_3d_patches_done=59486 mol_per_s=16.29 eta_s=581.6 cpu_workers=23 phase=discover_train modalities=2d+3d+3d_qm dim_2d_used=733 dim_3dqm_used=309 dim_3d_geom=273 dim_3d_qm=36
[2026-02-24 20:58:42] [PROGRESS] explainability.chem_ace.generate_patches done=59750/68972 pct=86.6 patches=956000 patches_2d=471337 patches_3d=484663 mols_with_conf_done=59744/68966 mols_with_3d_patches_done=59736 mol_per_s=16.28 eta_s=566.5 cpu_workers=23 phase=discover_train modalities=2d+3d+3d_qm dim_2d_used=733 dim_3dqm_used=309 dim_3d_geom=273 dim_3d_qm=36
[2026-02-24 20:58:55] [PROGRESS] explainability.chem_ace.generate_patches done=60000/68972 pct=87.0 patches=960000 patches_2d=473450 patches_3d=486550 mols_with_conf_done=59994/68966 mols_with_3d_patches_done=59986 mol_per_s=16.29 eta_s=550.9 cpu_workers=23 phase=discover_train modalities=2d+3d+3d_qm dim_2d_used=733 dim_3dqm_used=309 dim_3d_geom=273 dim_3d_qm=36
[2026-02-24 20:59:10] [PROGRESS] explainability.chem_ace.generate_patches done=60250/68972 pct=87.4 patches=964000 patches_2d=475496 patches_3d=488504 mols_with_conf_done=60244/68966 mols_with_3d_patches_done=60236 mol_per_s=16.29 eta_s=535.4 cpu_workers=23 phase=discover_train modalities=2d+3d+3d_qm dim_2d_used=733 dim_3dqm_used=309 dim_3d_geom=273 dim_3d_qm=36
[2026-02-24 20:59:23] [PROGRESS] explainability.chem_ace.generate_patches done=60500/68972 pct=87.7 patches=968000 patches_2d=477550 patches_3d=490450 mols_with_conf_done=60494/68966 mols_with_3d_patches_done=60486 mol_per_s=16.30 eta_s=519.8 cpu_workers=23 phase=discover_train modalities=2d+3d+3d_qm dim_2d_used=733 dim_3dqm_used=309 dim_3d_geom=273 dim_3d_qm=36
[2026-02-24 20:59:37] [PROGRESS] explainability.chem_ace.generate_patches done=60750/68972 pct=88.1 patches=972000 patches_2d=479563 patches_3d=492437 mols_with_conf_done=60744/68966 mols_with_3d_patches_done=60736 mol_per_s=16.31 eta_s=504.2 cpu_workers=23 phase=discover_train modalities=2d+3d+3d_qm dim_2d_used=733 dim_3dqm_used=309 dim_3d_geom=273 dim_3d_qm=36
[2026-02-24 20:59:50] [PROGRESS] explainability.chem_ace.generate_patches done=61000/68972 pct=88.4 patches=976000 patches_2d=481634 patches_3d=494366 mols_with_conf_done=60994/68966 mols_with_3d_patches_done=60986 mol_per_s=16.32 eta_s=488.6 cpu_workers=23 phase=discover_train modalities=2d+3d+3d_qm dim_2d_used=733 dim_3dqm_used=309 dim_3d_geom=273 dim_3d_qm=36
[2026-02-24 21:00:04] [PROGRESS] explainability.chem_ace.generate_patches done=61250/68972 pct=88.8 patches=980000 patches_2d=483608 patches_3d=496392 mols_with_conf_done=61244/68966 mols_with_3d_patches_done=61236 mol_per_s=16.32 eta_s=473.1 cpu_workers=23 phase=discover_train modalities=2d+3d+3d_qm dim_2d_used=733 dim_3dqm_used=309 dim_3d_geom=273 dim_3d_qm=36
[2026-02-24 21:00:17] [PROGRESS] explainability.chem_ace.generate_patches done=61500/68972 pct=89.2 patches=984000 patches_2d=485631 patches_3d=498369 mols_with_conf_done=61494/68966 mols_with_3d_patches_done=61486 mol_per_s=16.33 eta_s=457.5 cpu_workers=23 phase=discover_train modalities=2d+3d+3d_qm dim_2d_used=733 dim_3dqm_used=309 dim_3d_geom=273 dim_3d_qm=36
[2026-02-24 21:00:30] [PROGRESS] explainability.chem_ace.generate_patches done=61750/68972 pct=89.5 patches=988000 patches_2d=487765 patches_3d=500235 mols_with_conf_done=61744/68966 mols_with_3d_patches_done=61736 mol_per_s=16.34 eta_s=441.9 cpu_workers=23 phase=discover_train modalities=2d+3d+3d_qm dim_2d_used=733 dim_3dqm_used=309 dim_3d_geom=273 dim_3d_qm=36
[2026-02-24 21:00:42] [PROGRESS] explainability.chem_ace.generate_patches done=62000/68972 pct=89.9 patches=992000 patches_2d=489894 patches_3d=502106 mols_with_conf_done=61994/68966 mols_with_3d_patches_done=61986 mol_per_s=16.36 eta_s=426.2 cpu_workers=23 phase=discover_train modalities=2d+3d+3d_qm dim_2d_used=733 dim_3dqm_used=309 dim_3d_geom=273 dim_3d_qm=36
[2026-02-24 21:00:55] [PROGRESS] explainability.chem_ace.generate_patches done=62250/68972 pct=90.3 patches=996000 patches_2d=491953 patches_3d=504047 mols_with_conf_done=62244/68966 mols_with_3d_patches_done=62236 mol_per_s=16.37 eta_s=410.7 cpu_workers=23 phase=discover_train modalities=2d+3d+3d_qm dim_2d_used=733 dim_3dqm_used=309 dim_3d_geom=273 dim_3d_qm=36
[2026-02-24 21:01:09] [PROGRESS] explainability.chem_ace.generate_patches done=62500/68972 pct=90.6 patches=1000000 patches_2d=493964 patches_3d=506036 mols_with_conf_done=62494/68966 mols_with_3d_patches_done=62485 mol_per_s=16.37 eta_s=395.3 cpu_workers=23 phase=discover_train modalities=2d+3d+3d_qm dim_2d_used=733 dim_3dqm_used=309 dim_3d_geom=273 dim_3d_qm=36
[2026-02-24 21:01:24] [PROGRESS] explainability.chem_ace.generate_patches done=62750/68972 pct=91.0 patches=1004000 patches_2d=495921 patches_3d=508079 mols_with_conf_done=62744/68966 mols_with_3d_patches_done=62735 mol_per_s=16.37 eta_s=380.0 cpu_workers=23 phase=discover_train modalities=2d+3d+3d_qm dim_2d_used=733 dim_3dqm_used=309 dim_3d_geom=273 dim_3d_qm=36
[2026-02-24 21:01:37] [PROGRESS] explainability.chem_ace.generate_patches done=63000/68972 pct=91.3 patches=1008000 patches_2d=497971 patches_3d=510029 mols_with_conf_done=62994/68966 mols_with_3d_patches_done=62985 mol_per_s=16.38 eta_s=364.6 cpu_workers=23 phase=discover_train modalities=2d+3d+3d_qm dim_2d_used=733 dim_3dqm_used=309 dim_3d_geom=273 dim_3d_qm=36
[2026-02-24 21:01:50] [PROGRESS] explainability.chem_ace.generate_patches done=63250/68972 pct=91.7 patches=1012000 patches_2d=500046 patches_3d=511954 mols_with_conf_done=63244/68966 mols_with_3d_patches_done=63234 mol_per_s=16.39 eta_s=349.1 cpu_workers=23 phase=discover_train modalities=2d+3d+3d_qm dim_2d_used=733 dim_3dqm_used=309 dim_3d_geom=273 dim_3d_qm=36
[2026-02-24 21:02:05] [PROGRESS] explainability.chem_ace.generate_patches done=63500/68972 pct=92.1 patches=1016000 patches_2d=502039 patches_3d=513961 mols_with_conf_done=63494/68966 mols_with_3d_patches_done=63484 mol_per_s=16.40 eta_s=333.8 cpu_workers=23 phase=discover_train modalities=2d+3d+3d_qm dim_2d_used=733 dim_3dqm_used=309 dim_3d_geom=273 dim_3d_qm=36
[2026-02-24 21:02:17] [PROGRESS] explainability.chem_ace.generate_patches done=63750/68972 pct=92.4 patches=1020000 patches_2d=504127 patches_3d=515873 mols_with_conf_done=63744/68966 mols_with_3d_patches_done=63734 mol_per_s=16.41 eta_s=318.3 cpu_workers=23 phase=discover_train modalities=2d+3d+3d_qm dim_2d_used=733 dim_3dqm_used=309 dim_3d_geom=273 dim_3d_qm=36
[2026-02-24 21:02:32] [PROGRESS] explainability.chem_ace.generate_patches done=64000/68972 pct=92.8 patches=1024000 patches_2d=506148 patches_3d=517852 mols_with_conf_done=63994/68966 mols_with_3d_patches_done=63984 mol_per_s=16.41 eta_s=303.0 cpu_workers=23 phase=discover_train modalities=2d+3d+3d_qm dim_2d_used=733 dim_3dqm_used=309 dim_3d_geom=273 dim_3d_qm=36
[2026-02-24 21:02:47] [PROGRESS] explainability.chem_ace.generate_patches done=64250/68972 pct=93.2 patches=1028000 patches_2d=508152 patches_3d=519848 mols_with_conf_done=64244/68966 mols_with_3d_patches_done=64234 mol_per_s=16.41 eta_s=287.8 cpu_workers=23 phase=discover_train modalities=2d+3d+3d_qm dim_2d_used=733 dim_3dqm_used=309 dim_3d_geom=273 dim_3d_qm=36
[2026-02-24 21:03:01] [PROGRESS] explainability.chem_ace.generate_patches done=64500/68972 pct=93.5 patches=1032000 patches_2d=510124 patches_3d=521876 mols_with_conf_done=64494/68966 mols_with_3d_patches_done=64484 mol_per_s=16.42 eta_s=272.4 cpu_workers=23 phase=discover_train modalities=2d+3d+3d_qm dim_2d_used=733 dim_3dqm_used=309 dim_3d_geom=273 dim_3d_qm=36
[2026-02-24 21:03:15] [PROGRESS] explainability.chem_ace.generate_patches done=64750/68972 pct=93.9 patches=1036000 patches_2d=512141 patches_3d=523859 mols_with_conf_done=64744/68966 mols_with_3d_patches_done=64734 mol_per_s=16.42 eta_s=257.1 cpu_workers=23 phase=discover_train modalities=2d+3d+3d_qm dim_2d_used=733 dim_3dqm_used=309 dim_3d_geom=273 dim_3d_qm=36
[2026-02-24 21:03:29] [PROGRESS] explainability.chem_ace.generate_patches done=65000/68972 pct=94.2 patches=1040000 patches_2d=514141 patches_3d=525859 mols_with_conf_done=64994/68966 mols_with_3d_patches_done=64984 mol_per_s=16.43 eta_s=241.8 cpu_workers=23 phase=discover_train modalities=2d+3d+3d_qm dim_2d_used=733 dim_3dqm_used=309 dim_3d_geom=273 dim_3d_qm=36
[2026-02-24 21:03:41] [PROGRESS] explainability.chem_ace.generate_patches done=65250/68972 pct=94.6 patches=1044000 patches_2d=516203 patches_3d=527797 mols_with_conf_done=65244/68966 mols_with_3d_patches_done=65234 mol_per_s=16.44 eta_s=226.5 cpu_workers=23 phase=discover_train modalities=2d+3d+3d_qm dim_2d_used=733 dim_3dqm_used=309 dim_3d_geom=273 dim_3d_qm=36
[2026-02-24 21:03:56] [PROGRESS] explainability.chem_ace.generate_patches done=65500/68972 pct=95.0 patches=1048000 patches_2d=518246 patches_3d=529754 mols_with_conf_done=65494/68966 mols_with_3d_patches_done=65484 mol_per_s=16.44 eta_s=211.2 cpu_workers=23 phase=discover_train modalities=2d+3d+3d_qm dim_2d_used=733 dim_3dqm_used=309 dim_3d_geom=273 dim_3d_qm=36
[2026-02-24 21:04:11] [PROGRESS] explainability.chem_ace.generate_patches done=65750/68972 pct=95.3 patches=1052000 patches_2d=520201 patches_3d=531799 mols_with_conf_done=65744/68966 mols_with_3d_patches_done=65734 mol_per_s=16.44 eta_s=196.0 cpu_workers=23 phase=discover_train modalities=2d+3d+3d_qm dim_2d_used=733 dim_3dqm_used=309 dim_3d_geom=273 dim_3d_qm=36
[2026-02-24 21:04:23] [PROGRESS] explainability.chem_ace.generate_patches done=66000/68972 pct=95.7 patches=1056000 patches_2d=522316 patches_3d=533684 mols_with_conf_done=65994/68966 mols_with_3d_patches_done=65984 mol_per_s=16.45 eta_s=180.6 cpu_workers=23 phase=discover_train modalities=2d+3d+3d_qm dim_2d_used=733 dim_3dqm_used=309 dim_3d_geom=273 dim_3d_qm=36
[2026-02-24 21:04:38] [PROGRESS] explainability.chem_ace.generate_patches done=66250/68972 pct=96.1 patches=1060000 patches_2d=524393 patches_3d=535607 mols_with_conf_done=66244/68966 mols_with_3d_patches_done=66234 mol_per_s=16.45 eta_s=165.5 cpu_workers=23 phase=discover_train modalities=2d+3d+3d_qm dim_2d_used=733 dim_3dqm_used=309 dim_3d_geom=273 dim_3d_qm=36
[2026-02-24 21:04:53] [PROGRESS] explainability.chem_ace.generate_patches done=66500/68972 pct=96.4 patches=1064000 patches_2d=526351 patches_3d=537649 mols_with_conf_done=66494/68966 mols_with_3d_patches_done=66484 mol_per_s=16.46 eta_s=150.2 cpu_workers=23 phase=discover_train modalities=2d+3d+3d_qm dim_2d_used=733 dim_3dqm_used=309 dim_3d_geom=273 dim_3d_qm=36
[2026-02-24 21:05:07] [PROGRESS] explainability.chem_ace.generate_patches done=66750/68972 pct=96.8 patches=1068000 patches_2d=528292 patches_3d=539708 mols_with_conf_done=66744/68966 mols_with_3d_patches_done=66734 mol_per_s=16.46 eta_s=135.0 cpu_workers=23 phase=discover_train modalities=2d+3d+3d_qm dim_2d_used=733 dim_3dqm_used=309 dim_3d_geom=273 dim_3d_qm=36
[2026-02-24 21:05:23] [PROGRESS] explainability.chem_ace.generate_patches done=67000/68972 pct=97.1 patches=1072000 patches_2d=530230 patches_3d=541770 mols_with_conf_done=66994/68966 mols_with_3d_patches_done=66984 mol_per_s=16.46 eta_s=119.8 cpu_workers=23 phase=discover_train modalities=2d+3d+3d_qm dim_2d_used=733 dim_3dqm_used=309 dim_3d_geom=273 dim_3d_qm=36
[2026-02-24 21:05:36] [PROGRESS] explainability.chem_ace.generate_patches done=67250/68972 pct=97.5 patches=1076000 patches_2d=532304 patches_3d=543696 mols_with_conf_done=67244/68966 mols_with_3d_patches_done=67234 mol_per_s=16.46 eta_s=104.6 cpu_workers=23 phase=discover_train modalities=2d+3d+3d_qm dim_2d_used=733 dim_3dqm_used=309 dim_3d_geom=273 dim_3d_qm=36
[2026-02-24 21:05:49] [PROGRESS] explainability.chem_ace.generate_patches done=67500/68972 pct=97.9 patches=1080000 patches_2d=534388 patches_3d=545612 mols_with_conf_done=67494/68966 mols_with_3d_patches_done=67483 mol_per_s=16.47 eta_s=89.4 cpu_workers=23 phase=discover_train modalities=2d+3d+3d_qm dim_2d_used=733 dim_3dqm_used=309 dim_3d_geom=273 dim_3d_qm=36
[2026-02-24 21:06:03] [PROGRESS] explainability.chem_ace.generate_patches done=67750/68972 pct=98.2 patches=1084000 patches_2d=536400 patches_3d=547600 mols_with_conf_done=67744/68966 mols_with_3d_patches_done=67733 mol_per_s=16.48 eta_s=74.2 cpu_workers=23 phase=discover_train modalities=2d+3d+3d_qm dim_2d_used=733 dim_3dqm_used=309 dim_3d_geom=273 dim_3d_qm=36
[2026-02-24 21:06:18] [PROGRESS] explainability.chem_ace.generate_patches done=68000/68972 pct=98.6 patches=1088000 patches_2d=538358 patches_3d=549642 mols_with_conf_done=67994/68966 mols_with_3d_patches_done=67983 mol_per_s=16.48 eta_s=59.0 cpu_workers=23 phase=discover_train modalities=2d+3d+3d_qm dim_2d_used=733 dim_3dqm_used=309 dim_3d_geom=273 dim_3d_qm=36
[2026-02-24 21:06:31] [PROGRESS] explainability.chem_ace.generate_patches done=68250/68972 pct=99.0 patches=1092000 patches_2d=540378 patches_3d=551622 mols_with_conf_done=68244/68966 mols_with_3d_patches_done=68233 mol_per_s=16.49 eta_s=43.8 cpu_workers=23 phase=discover_train modalities=2d+3d+3d_qm dim_2d_used=733 dim_3dqm_used=309 dim_3d_geom=273 dim_3d_qm=36
[2026-02-24 21:06:44] [PROGRESS] explainability.chem_ace.generate_patches done=68500/68972 pct=99.3 patches=1096000 patches_2d=542510 patches_3d=553490 mols_with_conf_done=68494/68966 mols_with_3d_patches_done=68483 mol_per_s=16.50 eta_s=28.6 cpu_workers=23 phase=discover_train modalities=2d+3d+3d_qm dim_2d_used=733 dim_3dqm_used=309 dim_3d_geom=273 dim_3d_qm=36
[2026-02-24 21:07:01] [PROGRESS] explainability.chem_ace.generate_patches done=68750/68972 pct=99.7 patches=1100000 patches_2d=544488 patches_3d=555512 mols_with_conf_done=68744/68966 mols_with_3d_patches_done=68733 mol_per_s=16.49 eta_s=13.5 cpu_workers=23 phase=discover_train modalities=2d+3d+3d_qm dim_2d_used=733 dim_3dqm_used=309 dim_3d_geom=273 dim_3d_qm=36
[2026-02-24 21:07:14] [PROGRESS] explainability.chem_ace.generate_patches done=68972/68972 pct=100.0 patches=1103552 patches_2d=546283 patches_3d=557269 mols_with_conf_done=68966/68966 mols_with_3d_patches_done=68955 mol_per_s=16.49 eta_s=0.0 cpu_workers=23 phase=discover_train modalities=2d+3d+3d_qm dim_2d_used=733 dim_3dqm_used=309 dim_3d_geom=273 dim_3d_qm=36
[2026-02-24 21:07:14] [INFO] explainability.chem_ace.generate_patches.summary n_molecules=68972 n_molecules_with_conf=68966 n_molecules_with_3d_patches=68955 patches_total=1103552 patches_2d=546283 patches_3d=557269 phase=discover_train modalities=2d+3d+3d_qm dim_2d_used=733 dim_3dqm_used=309 dim_3d_geom=273 dim_3d_qm=36
[2026-02-24 21:07:14] [START] explainability.chem_ace.persist_patches n_patches=1103552
[2026-02-24 21:07:35] [PROGRESS] explainability.chem_ace.persist_patches done=200000
[2026-02-24 21:08:12] [PROGRESS] explainability.chem_ace.persist_patches done=400000
[2026-02-24 21:09:03] [PROGRESS] explainability.chem_ace.persist_patches done=600000
[2026-02-24 21:10:07] [PROGRESS] explainability.chem_ace.persist_patches done=800000
[2026-02-24 21:11:20] [PROGRESS] explainability.chem_ace.persist_patches done=1000000
[2026-02-24 21:12:02] [DONE] explainability.chem_ace.persist_patches n_patches=1103552
[2026-02-24 21:12:03] [DONE] explainability.chem_ace.generate_patches elapsed_s=4471.13
[2026-02-24 21:12:03] [INFO] explainability.chem_ace.patches_ready phase=discover_train n_patches=1103552 n_patches_2d=546283 n_patches_3d=557269
[2026-02-24 21:12:03] [START] explainability.chem_ace.embed_patches phase=discover_train
[2026-02-24 21:19:42] [PROGRESS] explainability.chem_ace.embed_patches.compute done=200000/1103552 pct=18.1 cpu_workers=23
[2026-02-24 21:19:43] [PROGRESS] explainability.chem_ace.embed_patches.compute done=400000/1103552 pct=36.2 cpu_workers=23
[2026-02-24 21:19:44] [PROGRESS] explainability.chem_ace.embed_patches.compute done=600000/1103552 pct=54.4 cpu_workers=23
[2026-02-24 21:19:45] [PROGRESS] explainability.chem_ace.embed_patches.compute done=800000/1103552 pct=72.5 cpu_workers=23
[2026-02-24 21:19:46] [PROGRESS] explainability.chem_ace.embed_patches.compute done=1000000/1103552 pct=90.6 cpu_workers=23
[2026-02-24 21:19:47] [PROGRESS] explainability.chem_ace.embed_patches.compute done=1103552/1103552 pct=100.0 cpu_workers=23
[2026-02-24 21:19:47] [INFO] explainability.chem_ace.persist_patch_embeddings.skipped reason=disabled n_embeddings=1103552
[2026-02-24 21:19:47] [DONE] explainability.chem_ace.embed_patches elapsed_s=463.66
[2026-02-24 21:19:47] [INFO] explainability.chem_ace.embeddings_ready phase=discover_train n_embeddings=1103552
[2026-02-24 21:19:47] [START] explainability.chem_ace.discover_concepts phase=discover_train
[2026-02-24 21:19:47] [INFO] explainability.chem_ace.discover_concepts.config n_embeddings=1103552 algorithms=kmeans,hierarchical,hdbscan kmeans_k=24 hierarchical_max_samples=25000 hierarchical_max_pairwise_gb=8.0 hdbscan_max_samples=300000
[2026-02-24 22:05:57] [DONE] explainability.chem_ace.discover_concepts elapsed_s=2770.50
[2026-02-24 22:05:57] [START] explainability.chem_ace.tag_concepts phase=discover_train
[2026-02-24 22:47:46] [DONE] explainability.chem_ace.tag_concepts elapsed_s=2508.85
[2026-02-24 22:47:49] [START] explainability.chem_ace.generate_patches phase=infer_scope n_molecules=14766
[2026-02-24 22:47:49] [INFO] explainability.chem_ace.patch_budget n_molecules=14766 cap_per_molecule=16 target_total_patches=12000 phase=infer_scope modalities=2d+3d+3d_qm dim_2d_used=733 dim_3dqm_used=309 dim_3d_geom=273 dim_3d_qm=36
[2026-02-24 22:48:07] [PROGRESS] explainability.chem_ace.generate_patches done=250/14766 pct=1.7 patches=4000 patches_2d=1875 patches_3d=2125 mols_with_conf_done=250/14766 mols_with_3d_patches_done=250 mol_per_s=13.97 eta_s=1038.9 cpu_workers=23 phase=infer_scope modalities=2d+3d+3d_qm dim_2d_used=733 dim_3dqm_used=309 dim_3d_geom=273 dim_3d_qm=36
[2026-02-24 22:48:20] [PROGRESS] explainability.chem_ace.generate_patches done=500/14766 pct=3.4 patches=8000 patches_2d=4017 patches_3d=3983 mols_with_conf_done=500/14766 mols_with_3d_patches_done=500 mol_per_s=16.19 eta_s=881.0 cpu_workers=23 phase=infer_scope modalities=2d+3d+3d_qm dim_2d_used=733 dim_3dqm_used=309 dim_3d_geom=273 dim_3d_qm=36
[2026-02-24 22:48:34] [PROGRESS] explainability.chem_ace.generate_patches done=750/14766 pct=5.1 patches=12000 patches_2d=6165 patches_3d=5835 mols_with_conf_done=750/14766 mols_with_3d_patches_done=750 mol_per_s=16.84 eta_s=832.4 cpu_workers=23 phase=infer_scope modalities=2d+3d+3d_qm dim_2d_used=733 dim_3dqm_used=309 dim_3d_geom=273 dim_3d_qm=36
[2026-02-24 22:48:51] [PROGRESS] explainability.chem_ace.generate_patches done=1000/14766 pct=6.8 patches=16000 patches_2d=8092 patches_3d=7908 mols_with_conf_done=1000/14766 mols_with_3d_patches_done=1000 mol_per_s=16.23 eta_s=848.3 cpu_workers=23 phase=infer_scope modalities=2d+3d+3d_qm dim_2d_used=733 dim_3dqm_used=309 dim_3d_geom=273 dim_3d_qm=36
[2026-02-24 22:49:07] [PROGRESS] explainability.chem_ace.generate_patches done=1250/14766 pct=8.5 patches=20000 patches_2d=10040 patches_3d=9960 mols_with_conf_done=1250/14766 mols_with_3d_patches_done=1250 mol_per_s=16.10 eta_s=839.7 cpu_workers=23 phase=infer_scope modalities=2d+3d+3d_qm dim_2d_used=733 dim_3dqm_used=309 dim_3d_geom=273 dim_3d_qm=36
[2026-02-24 22:49:26] [PROGRESS] explainability.chem_ace.generate_patches done=1500/14766 pct=10.2 patches=24000 patches_2d=11864 patches_3d=12136 mols_with_conf_done=1500/14766 mols_with_3d_patches_done=1500 mol_per_s=15.46 eta_s=858.2 cpu_workers=23 phase=infer_scope modalities=2d+3d+3d_qm dim_2d_used=733 dim_3dqm_used=309 dim_3d_geom=273 dim_3d_qm=36
[2026-02-24 22:49:46] [PROGRESS] explainability.chem_ace.generate_patches done=1750/14766 pct=11.9 patches=28000 patches_2d=13737 patches_3d=14263 mols_with_conf_done=1750/14766 mols_with_3d_patches_done=1750 mol_per_s=14.98 eta_s=868.8 cpu_workers=23 phase=infer_scope modalities=2d+3d+3d_qm dim_2d_used=733 dim_3dqm_used=309 dim_3d_geom=273 dim_3d_qm=36
[2026-02-24 22:50:03] [PROGRESS] explainability.chem_ace.generate_patches done=2000/14766 pct=13.5 patches=32000 patches_2d=15641 patches_3d=16359 mols_with_conf_done=2000/14766 mols_with_3d_patches_done=2000 mol_per_s=14.95 eta_s=853.8 cpu_workers=23 phase=infer_scope modalities=2d+3d+3d_qm dim_2d_used=733 dim_3dqm_used=309 dim_3d_geom=273 dim_3d_qm=36
[2026-02-24 22:50:23] [PROGRESS] explainability.chem_ace.generate_patches done=2250/14766 pct=15.2 patches=36000 patches_2d=17460 patches_3d=18540 mols_with_conf_done=2250/14766 mols_with_3d_patches_done=2250 mol_per_s=14.58 eta_s=858.2 cpu_workers=23 phase=infer_scope modalities=2d+3d+3d_qm dim_2d_used=733 dim_3dqm_used=309 dim_3d_geom=273 dim_3d_qm=36
[2026-02-24 22:50:43] [PROGRESS] explainability.chem_ace.generate_patches done=2500/14766 pct=16.9 patches=40000 patches_2d=19246 patches_3d=20754 mols_with_conf_done=2500/14766 mols_with_3d_patches_done=2500 mol_per_s=14.35 eta_s=855.0 cpu_workers=23 phase=infer_scope modalities=2d+3d+3d_qm dim_2d_used=733 dim_3dqm_used=309 dim_3d_geom=273 dim_3d_qm=36
[2026-02-24 22:51:03] [PROGRESS] explainability.chem_ace.generate_patches done=2750/14766 pct=18.6 patches=44000 patches_2d=21087 patches_3d=22913 mols_with_conf_done=2750/14766 mols_with_3d_patches_done=2749 mol_per_s=14.21 eta_s=845.6 cpu_workers=23 phase=infer_scope modalities=2d+3d+3d_qm dim_2d_used=733 dim_3dqm_used=309 dim_3d_geom=273 dim_3d_qm=36
[2026-02-24 22:51:22] [PROGRESS] explainability.chem_ace.generate_patches done=3000/14766 pct=20.3 patches=48000 patches_2d=22899 patches_3d=25101 mols_with_conf_done=3000/14766 mols_with_3d_patches_done=2999 mol_per_s=14.07 eta_s=836.0 cpu_workers=23 phase=infer_scope modalities=2d+3d+3d_qm dim_2d_used=733 dim_3dqm_used=309 dim_3d_geom=273 dim_3d_qm=36
[2026-02-24 22:51:40] [PROGRESS] explainability.chem_ace.generate_patches done=3250/14766 pct=22.0 patches=52000 patches_2d=24830 patches_3d=27170 mols_with_conf_done=3250/14766 mols_with_3d_patches_done=3249 mol_per_s=14.10 eta_s=816.5 cpu_workers=23 phase=infer_scope modalities=2d+3d+3d_qm dim_2d_used=733 dim_3dqm_used=309 dim_3d_geom=273 dim_3d_qm=36
[2026-02-24 22:52:00] [PROGRESS] explainability.chem_ace.generate_patches done=3500/14766 pct=23.7 patches=56000 patches_2d=26598 patches_3d=29402 mols_with_conf_done=3500/14766 mols_with_3d_patches_done=3499 mol_per_s=13.96 eta_s=807.2 cpu_workers=23 phase=infer_scope modalities=2d+3d+3d_qm dim_2d_used=733 dim_3dqm_used=309 dim_3d_geom=273 dim_3d_qm=36
[2026-02-24 22:52:19] [PROGRESS] explainability.chem_ace.generate_patches done=3750/14766 pct=25.4 patches=60000 patches_2d=28451 patches_3d=31549 mols_with_conf_done=3750/14766 mols_with_3d_patches_done=3749 mol_per_s=13.88 eta_s=793.9 cpu_workers=23 phase=infer_scope modalities=2d+3d+3d_qm dim_2d_used=733 dim_3dqm_used=309 dim_3d_geom=273 dim_3d_qm=36
[2026-02-24 22:52:34] [PROGRESS] explainability.chem_ace.generate_patches done=4000/14766 pct=27.1 patches=64000 patches_2d=30486 patches_3d=33514 mols_with_conf_done=4000/14766 mols_with_3d_patches_done=3999 mol_per_s=14.04 eta_s=766.6 cpu_workers=23 phase=infer_scope modalities=2d+3d+3d_qm dim_2d_used=733 dim_3dqm_used=309 dim_3d_geom=273 dim_3d_qm=36
[2026-02-24 22:52:48] [PROGRESS] explainability.chem_ace.generate_patches done=4250/14766 pct=28.8 patches=68000 patches_2d=32539 patches_3d=35461 mols_with_conf_done=4250/14766 mols_with_3d_patches_done=4249 mol_per_s=14.24 eta_s=738.4 cpu_workers=23 phase=infer_scope modalities=2d+3d+3d_qm dim_2d_used=733 dim_3dqm_used=309 dim_3d_geom=273 dim_3d_qm=36
[2026-02-24 22:53:01] [PROGRESS] explainability.chem_ace.generate_patches done=4500/14766 pct=30.5 patches=72000 patches_2d=34566 patches_3d=37434 mols_with_conf_done=4500/14766 mols_with_3d_patches_done=4499 mol_per_s=14.41 eta_s=712.3 cpu_workers=23 phase=infer_scope modalities=2d+3d+3d_qm dim_2d_used=733 dim_3dqm_used=309 dim_3d_geom=273 dim_3d_qm=36
[2026-02-24 22:53:16] [PROGRESS] explainability.chem_ace.generate_patches done=4750/14766 pct=32.2 patches=76000 patches_2d=36573 patches_3d=39427 mols_with_conf_done=4750/14766 mols_with_3d_patches_done=4749 mol_per_s=14.56 eta_s=688.0 cpu_workers=23 phase=infer_scope modalities=2d+3d+3d_qm dim_2d_used=733 dim_3dqm_used=309 dim_3d_geom=273 dim_3d_qm=36
[2026-02-24 22:53:30] [PROGRESS] explainability.chem_ace.generate_patches done=5000/14766 pct=33.9 patches=80000 patches_2d=38588 patches_3d=41412 mols_with_conf_done=5000/14766 mols_with_3d_patches_done=4999 mol_per_s=14.66 eta_s=666.0 cpu_workers=23 phase=infer_scope modalities=2d+3d+3d_qm dim_2d_used=733 dim_3dqm_used=309 dim_3d_geom=273 dim_3d_qm=36
[2026-02-24 22:53:44] [PROGRESS] explainability.chem_ace.generate_patches done=5250/14766 pct=35.6 patches=84000 patches_2d=40618 patches_3d=43382 mols_with_conf_done=5250/14766 mols_with_3d_patches_done=5249 mol_per_s=14.82 eta_s=642.2 cpu_workers=23 phase=infer_scope modalities=2d+3d+3d_qm dim_2d_used=733 dim_3dqm_used=309 dim_3d_geom=273 dim_3d_qm=36
[2026-02-24 22:53:58] [PROGRESS] explainability.chem_ace.generate_patches done=5500/14766 pct=37.2 patches=88000 patches_2d=42673 patches_3d=45327 mols_with_conf_done=5500/14766 mols_with_3d_patches_done=5499 mol_per_s=14.91 eta_s=621.4 cpu_workers=23 phase=infer_scope modalities=2d+3d+3d_qm dim_2d_used=733 dim_3dqm_used=309 dim_3d_geom=273 dim_3d_qm=36
[2026-02-24 22:54:13] [PROGRESS] explainability.chem_ace.generate_patches done=5750/14766 pct=38.9 patches=92000 patches_2d=44586 patches_3d=47414 mols_with_conf_done=5750/14766 mols_with_3d_patches_done=5749 mol_per_s=14.99 eta_s=601.3 cpu_workers=23 phase=infer_scope modalities=2d+3d+3d_qm dim_2d_used=733 dim_3dqm_used=309 dim_3d_geom=273 dim_3d_qm=36
[2026-02-24 22:54:28] [PROGRESS] explainability.chem_ace.generate_patches done=6000/14766 pct=40.6 patches=96000 patches_2d=46504 patches_3d=49496 mols_with_conf_done=6000/14766 mols_with_3d_patches_done=5999 mol_per_s=15.03 eta_s=583.2 cpu_workers=23 phase=infer_scope modalities=2d+3d+3d_qm dim_2d_used=733 dim_3dqm_used=309 dim_3d_geom=273 dim_3d_qm=36
[2026-02-24 22:54:43] [PROGRESS] explainability.chem_ace.generate_patches done=6250/14766 pct=42.3 patches=100000 patches_2d=48546 patches_3d=51454 mols_with_conf_done=6250/14766 mols_with_3d_patches_done=6249 mol_per_s=15.11 eta_s=563.5 cpu_workers=23 phase=infer_scope modalities=2d+3d+3d_qm dim_2d_used=733 dim_3dqm_used=309 dim_3d_geom=273 dim_3d_qm=36
[2026-02-24 22:54:56] [PROGRESS] explainability.chem_ace.generate_patches done=6500/14766 pct=44.0 patches=104000 patches_2d=50568 patches_3d=53432 mols_with_conf_done=6500/14766 mols_with_3d_patches_done=6499 mol_per_s=15.24 eta_s=542.5 cpu_workers=23 phase=infer_scope modalities=2d+3d+3d_qm dim_2d_used=733 dim_3dqm_used=309 dim_3d_geom=273 dim_3d_qm=36
[2026-02-24 22:55:10] [PROGRESS] explainability.chem_ace.generate_patches done=6750/14766 pct=45.7 patches=108000 patches_2d=52526 patches_3d=55474 mols_with_conf_done=6750/14766 mols_with_3d_patches_done=6749 mol_per_s=15.30 eta_s=523.9 cpu_workers=23 phase=infer_scope modalities=2d+3d+3d_qm dim_2d_used=733 dim_3dqm_used=309 dim_3d_geom=273 dim_3d_qm=36
[2026-02-24 22:55:25] [PROGRESS] explainability.chem_ace.generate_patches done=7000/14766 pct=47.4 patches=112000 patches_2d=54500 patches_3d=57500 mols_with_conf_done=7000/14766 mols_with_3d_patches_done=6999 mol_per_s=15.37 eta_s=505.4 cpu_workers=23 phase=infer_scope modalities=2d+3d+3d_qm dim_2d_used=733 dim_3dqm_used=309 dim_3d_geom=273 dim_3d_qm=36
[2026-02-24 22:55:38] [PROGRESS] explainability.chem_ace.generate_patches done=7250/14766 pct=49.1 patches=116000 patches_2d=56569 patches_3d=59431 mols_with_conf_done=7250/14766 mols_with_3d_patches_done=7249 mol_per_s=15.47 eta_s=485.8 cpu_workers=23 phase=infer_scope modalities=2d+3d+3d_qm dim_2d_used=733 dim_3dqm_used=309 dim_3d_geom=273 dim_3d_qm=36
[2026-02-24 22:55:52] [PROGRESS] explainability.chem_ace.generate_patches done=7500/14766 pct=50.8 patches=120000 patches_2d=58579 patches_3d=61421 mols_with_conf_done=7500/14766 mols_with_3d_patches_done=7499 mol_per_s=15.54 eta_s=467.7 cpu_workers=23 phase=infer_scope modalities=2d+3d+3d_qm dim_2d_used=733 dim_3dqm_used=309 dim_3d_geom=273 dim_3d_qm=36
[2026-02-24 22:56:05] [PROGRESS] explainability.chem_ace.generate_patches done=7750/14766 pct=52.5 patches=124000 patches_2d=60635 patches_3d=63365 mols_with_conf_done=7750/14766 mols_with_3d_patches_done=7749 mol_per_s=15.62 eta_s=449.2 cpu_workers=23 phase=infer_scope modalities=2d+3d+3d_qm dim_2d_used=733 dim_3dqm_used=309 dim_3d_geom=273 dim_3d_qm=36
[2026-02-24 22:56:19] [PROGRESS] explainability.chem_ace.generate_patches done=8000/14766 pct=54.2 patches=128000 patches_2d=62591 patches_3d=65409 mols_with_conf_done=8000/14766 mols_with_3d_patches_done=7999 mol_per_s=15.69 eta_s=431.1 cpu_workers=23 phase=infer_scope modalities=2d+3d+3d_qm dim_2d_used=733 dim_3dqm_used=309 dim_3d_geom=273 dim_3d_qm=36
[2026-02-24 22:56:34] [PROGRESS] explainability.chem_ace.generate_patches done=8250/14766 pct=55.9 patches=132000 patches_2d=64598 patches_3d=67402 mols_with_conf_done=8250/14766 mols_with_3d_patches_done=8249 mol_per_s=15.73 eta_s=414.2 cpu_workers=23 phase=infer_scope modalities=2d+3d+3d_qm dim_2d_used=733 dim_3dqm_used=309 dim_3d_geom=273 dim_3d_qm=36
[2026-02-24 22:56:48] [PROGRESS] explainability.chem_ace.generate_patches done=8500/14766 pct=57.6 patches=136000 patches_2d=66539 patches_3d=69461 mols_with_conf_done=8500/14766 mols_with_3d_patches_done=8499 mol_per_s=15.77 eta_s=397.4 cpu_workers=23 phase=infer_scope modalities=2d+3d+3d_qm dim_2d_used=733 dim_3dqm_used=309 dim_3d_geom=273 dim_3d_qm=36
[2026-02-24 22:57:02] [PROGRESS] explainability.chem_ace.generate_patches done=8750/14766 pct=59.3 patches=140000 patches_2d=68547 patches_3d=71453 mols_with_conf_done=8750/14766 mols_with_3d_patches_done=8749 mol_per_s=15.82 eta_s=380.2 cpu_workers=23 phase=infer_scope modalities=2d+3d+3d_qm dim_2d_used=733 dim_3dqm_used=309 dim_3d_geom=273 dim_3d_qm=36
[2026-02-24 22:57:16] [PROGRESS] explainability.chem_ace.generate_patches done=9000/14766 pct=61.0 patches=144000 patches_2d=70596 patches_3d=73404 mols_with_conf_done=9000/14766 mols_with_3d_patches_done=8999 mol_per_s=15.89 eta_s=363.0 cpu_workers=23 phase=infer_scope modalities=2d+3d+3d_qm dim_2d_used=733 dim_3dqm_used=309 dim_3d_geom=273 dim_3d_qm=36
[2026-02-24 22:57:30] [PROGRESS] explainability.chem_ace.generate_patches done=9250/14766 pct=62.6 patches=148000 patches_2d=72604 patches_3d=75396 mols_with_conf_done=9250/14766 mols_with_3d_patches_done=9249 mol_per_s=15.94 eta_s=346.1 cpu_workers=23 phase=infer_scope modalities=2d+3d+3d_qm dim_2d_used=733 dim_3dqm_used=309 dim_3d_geom=273 dim_3d_qm=36
[2026-02-24 22:57:43] [PROGRESS] explainability.chem_ace.generate_patches done=9500/14766 pct=64.3 patches=152000 patches_2d=74639 patches_3d=77361 mols_with_conf_done=9500/14766 mols_with_3d_patches_done=9499 mol_per_s=15.99 eta_s=329.3 cpu_workers=23 phase=infer_scope modalities=2d+3d+3d_qm dim_2d_used=733 dim_3dqm_used=309 dim_3d_geom=273 dim_3d_qm=36
[2026-02-24 22:57:57] [PROGRESS] explainability.chem_ace.generate_patches done=9750/14766 pct=66.0 patches=156000 patches_2d=76673 patches_3d=79327 mols_with_conf_done=9750/14766 mols_with_3d_patches_done=9749 mol_per_s=16.04 eta_s=312.8 cpu_workers=23 phase=infer_scope modalities=2d+3d+3d_qm dim_2d_used=733 dim_3dqm_used=309 dim_3d_geom=273 dim_3d_qm=36
[2026-02-24 22:58:12] [PROGRESS] explainability.chem_ace.generate_patches done=10000/14766 pct=67.7 patches=160000 patches_2d=78656 patches_3d=81344 mols_with_conf_done=10000/14766 mols_with_3d_patches_done=9999 mol_per_s=16.06 eta_s=296.8 cpu_workers=23 phase=infer_scope modalities=2d+3d+3d_qm dim_2d_used=733 dim_3dqm_used=309 dim_3d_geom=273 dim_3d_qm=36
[2026-02-24 22:58:26] [PROGRESS] explainability.chem_ace.generate_patches done=10250/14766 pct=69.4 patches=164000 patches_2d=80671 patches_3d=83329 mols_with_conf_done=10250/14766 mols_with_3d_patches_done=10249 mol_per_s=16.11 eta_s=280.4 cpu_workers=23 phase=infer_scope modalities=2d+3d+3d_qm dim_2d_used=733 dim_3dqm_used=309 dim_3d_geom=273 dim_3d_qm=36
[2026-02-24 22:58:40] [PROGRESS] explainability.chem_ace.generate_patches done=10500/14766 pct=71.1 patches=168000 patches_2d=82608 patches_3d=85392 mols_with_conf_done=10500/14766 mols_with_3d_patches_done=10499 mol_per_s=16.14 eta_s=264.3 cpu_workers=23 phase=infer_scope modalities=2d+3d+3d_qm dim_2d_used=733 dim_3dqm_used=309 dim_3d_geom=273 dim_3d_qm=36
[2026-02-24 22:58:54] [PROGRESS] explainability.chem_ace.generate_patches done=10750/14766 pct=72.8 patches=172000 patches_2d=84565 patches_3d=87435 mols_with_conf_done=10750/14766 mols_with_3d_patches_done=10749 mol_per_s=16.17 eta_s=248.3 cpu_workers=23 phase=infer_scope modalities=2d+3d+3d_qm dim_2d_used=733 dim_3dqm_used=309 dim_3d_geom=273 dim_3d_qm=36
[2026-02-24 22:59:07] [PROGRESS] explainability.chem_ace.generate_patches done=11000/14766 pct=74.5 patches=176000 patches_2d=86593 patches_3d=89407 mols_with_conf_done=11000/14766 mols_with_3d_patches_done=10999 mol_per_s=16.23 eta_s=232.1 cpu_workers=23 phase=infer_scope modalities=2d+3d+3d_qm dim_2d_used=733 dim_3dqm_used=309 dim_3d_geom=273 dim_3d_qm=36
[2026-02-24 22:59:22] [PROGRESS] explainability.chem_ace.generate_patches done=11250/14766 pct=76.2 patches=180000 patches_2d=88528 patches_3d=91472 mols_with_conf_done=11250/14766 mols_with_3d_patches_done=11249 mol_per_s=16.25 eta_s=216.4 cpu_workers=23 phase=infer_scope modalities=2d+3d+3d_qm dim_2d_used=733 dim_3dqm_used=309 dim_3d_geom=273 dim_3d_qm=36
[2026-02-24 22:59:36] [PROGRESS] explainability.chem_ace.generate_patches done=11500/14766 pct=77.9 patches=184000 patches_2d=90548 patches_3d=93452 mols_with_conf_done=11500/14766 mols_with_3d_patches_done=11499 mol_per_s=16.28 eta_s=200.6 cpu_workers=23 phase=infer_scope modalities=2d+3d+3d_qm dim_2d_used=733 dim_3dqm_used=309 dim_3d_geom=273 dim_3d_qm=36
[2026-02-24 22:59:49] [PROGRESS] explainability.chem_ace.generate_patches done=11750/14766 pct=79.6 patches=188000 patches_2d=92596 patches_3d=95404 mols_with_conf_done=11750/14766 mols_with_3d_patches_done=11749 mol_per_s=16.32 eta_s=184.8 cpu_workers=23 phase=infer_scope modalities=2d+3d+3d_qm dim_2d_used=733 dim_3dqm_used=309 dim_3d_geom=273 dim_3d_qm=36
[2026-02-24 23:00:02] [PROGRESS] explainability.chem_ace.generate_patches done=12000/14766 pct=81.3 patches=192000 patches_2d=94606 patches_3d=97394 mols_with_conf_done=12000/14766 mols_with_3d_patches_done=11999 mol_per_s=16.37 eta_s=169.0 cpu_workers=23 phase=infer_scope modalities=2d+3d+3d_qm dim_2d_used=733 dim_3dqm_used=309 dim_3d_geom=273 dim_3d_qm=36
[2026-02-24 23:00:16] [PROGRESS] explainability.chem_ace.generate_patches done=12250/14766 pct=83.0 patches=196000 patches_2d=96623 patches_3d=99377 mols_with_conf_done=12250/14766 mols_with_3d_patches_done=12249 mol_per_s=16.40 eta_s=153.4 cpu_workers=23 phase=infer_scope modalities=2d+3d+3d_qm dim_2d_used=733 dim_3dqm_used=309 dim_3d_geom=273 dim_3d_qm=36
[2026-02-24 23:00:30] [PROGRESS] explainability.chem_ace.generate_patches done=12500/14766 pct=84.7 patches=200000 patches_2d=98612 patches_3d=101388 mols_with_conf_done=12500/14766 mols_with_3d_patches_done=12498 mol_per_s=16.43 eta_s=137.9 cpu_workers=23 phase=infer_scope modalities=2d+3d+3d_qm dim_2d_used=733 dim_3dqm_used=309 dim_3d_geom=273 dim_3d_qm=36
[2026-02-24 23:00:50] [PROGRESS] explainability.chem_ace.generate_patches done=12750/14766 pct=86.3 patches=204000 patches_2d=100580 patches_3d=103420 mols_with_conf_done=12750/14766 mols_with_3d_patches_done=12748 mol_per_s=16.33 eta_s=123.4 cpu_workers=23 phase=infer_scope modalities=2d+3d+3d_qm dim_2d_used=733 dim_3dqm_used=309 dim_3d_geom=273 dim_3d_qm=36
[2026-02-24 23:01:03] [PROGRESS] explainability.chem_ace.generate_patches done=13000/14766 pct=88.0 patches=208000 patches_2d=102662 patches_3d=105338 mols_with_conf_done=13000/14766 mols_with_3d_patches_done=12998 mol_per_s=16.38 eta_s=107.8 cpu_workers=23 phase=infer_scope modalities=2d+3d+3d_qm dim_2d_used=733 dim_3dqm_used=309 dim_3d_geom=273 dim_3d_qm=36
[2026-02-24 23:01:16] [PROGRESS] explainability.chem_ace.generate_patches done=13250/14766 pct=89.7 patches=212000 patches_2d=104774 patches_3d=107226 mols_with_conf_done=13250/14766 mols_with_3d_patches_done=13248 mol_per_s=16.43 eta_s=92.3 cpu_workers=23 phase=infer_scope modalities=2d+3d+3d_qm dim_2d_used=733 dim_3dqm_used=309 dim_3d_geom=273 dim_3d_qm=36
[2026-02-24 23:01:29] [PROGRESS] explainability.chem_ace.generate_patches done=13500/14766 pct=91.4 patches=216000 patches_2d=106814 patches_3d=109186 mols_with_conf_done=13500/14766 mols_with_3d_patches_done=13498 mol_per_s=16.47 eta_s=76.8 cpu_workers=23 phase=infer_scope modalities=2d+3d+3d_qm dim_2d_used=733 dim_3dqm_used=309 dim_3d_geom=273 dim_3d_qm=36
[2026-02-24 23:01:42] [PROGRESS] explainability.chem_ace.generate_patches done=13750/14766 pct=93.1 patches=220000 patches_2d=108823 patches_3d=111177 mols_with_conf_done=13750/14766 mols_with_3d_patches_done=13748 mol_per_s=16.50 eta_s=61.6 cpu_workers=23 phase=infer_scope modalities=2d+3d+3d_qm dim_2d_used=733 dim_3dqm_used=309 dim_3d_geom=273 dim_3d_qm=36
[2026-02-24 23:01:57] [PROGRESS] explainability.chem_ace.generate_patches done=14000/14766 pct=94.8 patches=224000 patches_2d=110755 patches_3d=113245 mols_with_conf_done=14000/14766 mols_with_3d_patches_done=13998 mol_per_s=16.52 eta_s=46.4 cpu_workers=23 phase=infer_scope modalities=2d+3d+3d_qm dim_2d_used=733 dim_3dqm_used=309 dim_3d_geom=273 dim_3d_qm=36
[2026-02-24 23:02:10] [PROGRESS] explainability.chem_ace.generate_patches done=14250/14766 pct=96.5 patches=228000 patches_2d=112761 patches_3d=115239 mols_with_conf_done=14250/14766 mols_with_3d_patches_done=14248 mol_per_s=16.56 eta_s=31.2 cpu_workers=23 phase=infer_scope modalities=2d+3d+3d_qm dim_2d_used=733 dim_3dqm_used=309 dim_3d_geom=273 dim_3d_qm=36
[2026-02-24 23:02:23] [PROGRESS] explainability.chem_ace.generate_patches done=14500/14766 pct=98.2 patches=232000 patches_2d=114872 patches_3d=117128 mols_with_conf_done=14500/14766 mols_with_3d_patches_done=14498 mol_per_s=16.60 eta_s=16.0 cpu_workers=23 phase=infer_scope modalities=2d+3d+3d_qm dim_2d_used=733 dim_3dqm_used=309 dim_3d_geom=273 dim_3d_qm=36
[2026-02-24 23:02:37] [PROGRESS] explainability.chem_ace.generate_patches done=14750/14766 pct=99.9 patches=236000 patches_2d=116917 patches_3d=119083 mols_with_conf_done=14750/14766 mols_with_3d_patches_done=14748 mol_per_s=16.62 eta_s=1.0 cpu_workers=23 phase=infer_scope modalities=2d+3d+3d_qm dim_2d_used=733 dim_3dqm_used=309 dim_3d_geom=273 dim_3d_qm=36
[2026-02-24 23:02:37] [PROGRESS] explainability.chem_ace.generate_patches done=14766/14766 pct=100.0 patches=236256 patches_2d=117015 patches_3d=119241 mols_with_conf_done=14766/14766 mols_with_3d_patches_done=14764 mol_per_s=16.63 eta_s=0.0 cpu_workers=23 phase=infer_scope modalities=2d+3d+3d_qm dim_2d_used=733 dim_3dqm_used=309 dim_3d_geom=273 dim_3d_qm=36
[2026-02-24 23:02:37] [INFO] explainability.chem_ace.generate_patches.summary n_molecules=14766 n_molecules_with_conf=14766 n_molecules_with_3d_patches=14764 patches_total=236256 patches_2d=117015 patches_3d=119241 phase=infer_scope modalities=2d+3d+3d_qm dim_2d_used=733 dim_3dqm_used=309 dim_3d_geom=273 dim_3d_qm=36
[2026-02-24 23:02:37] [START] explainability.chem_ace.persist_patches n_patches=236256
[2026-02-24 23:04:01] [PROGRESS] explainability.chem_ace.persist_patches done=200000
[2026-02-24 23:04:18] [DONE] explainability.chem_ace.persist_patches n_patches=236256
[2026-02-24 23:04:18] [DONE] explainability.chem_ace.generate_patches elapsed_s=988.37
[2026-02-24 23:04:18] [INFO] explainability.chem_ace.patches_ready phase=infer_scope n_patches=236256 n_patches_2d=117015 n_patches_3d=119241
[2026-02-24 23:04:18] [START] explainability.chem_ace.embed_patches phase=infer_scope
[2026-02-24 23:05:56] [PROGRESS] explainability.chem_ace.embed_patches.compute done=200000/236256 pct=84.7 cpu_workers=23
[2026-02-24 23:05:57] [PROGRESS] explainability.chem_ace.embed_patches.compute done=236256/236256 pct=100.0 cpu_workers=23
[2026-02-24 23:05:57] [INFO] explainability.chem_ace.persist_patch_embeddings.skipped reason=disabled n_embeddings=236256
[2026-02-24 23:05:57] [DONE] explainability.chem_ace.embed_patches elapsed_s=98.98
[2026-02-24 23:05:57] [INFO] explainability.chem_ace.embeddings_ready phase=infer_scope n_embeddings=236256
[2026-02-24 23:05:57] [START] explainability.chem_ace.infer_memberships phase=infer_scope
[2026-02-24 23:06:02] [PROGRESS] explainability.chem_ace.infer_memberships.assign done=236256/236256 pct=100.0 assigned=236256
[2026-02-24 23:06:02] [DONE] explainability.chem_ace.infer_memberships elapsed_s=5.56
[2026-02-24 23:06:02] [START] explainability.chem_ace.persist_inferred_memberships n_memberships=236256
[2026-02-24 23:17:40] [DONE] explainability.chem_ace.persist_inferred_memberships elapsed_s=697.90
[2026-02-24 23:17:41] [INFO] explainability.chem_ace.infer_memberships_ready n_memberships=236256 n_concepts_hit=24 max_distance=-1.0
[2026-02-24 23:41:09] [INFO] explainability.chem_ace.a_priori_exports n_rows_all=83738 n_rows_infer=14766 path_priors=/scratch/vfastovskii/tmp/279962/study_279962/chem_ace/a_priori_tags.csv path_join=/scratch/vfastovskii/tmp/279962/study_279962/chem_ace/a_priori_vs_concepts.csv path_priors_infer=/scratch/vfastovskii/tmp/279962/study_279962/chem_ace/a_priori_tags_infer_scope.csv path_join_infer=/scratch/vfastovskii/tmp/279962/study_279962/chem_ace/a_priori_vs_concepts_infer_scope.csv
[2026-02-24 23:41:10] [DONE] explainability.prepare_chem_ace_bundle run_id=de8188c01b41c8d1545a835e1a107eaff4b807ee concept_set_id=d3527d21d4e15f3a4753a3b5b0c1fe4e2209feb2 n_concepts=24
[2026-02-24 23:41:32] [INFO] final.prepare_chem_ace_bundle.done n_concepts=24
[2026-02-24 23:41:32] [INFO] final.concept_rl.build_targets
[2026-02-24 23:41:32] [INFO] final.concept_rl.status rl_active=True
[2026-02-24 23:41:32] [INFO] final.build_datasets
[2026-02-24 23:41:32] [INFO] final.build_dataloaders batch_size=512 balanced_sampler=True
[2026-02-24 23:41:33] [INFO] final.lambda_vol.build_callback.start
[2026-02-24 23:41:33] [START] explainability.make_monitor_loader n_ids=14766 batch_size=64
[2026-02-24 23:41:33] [DONE] explainability.make_monitor_loader
[2026-02-24 23:41:33] [START] explainability.build_lambda_vol_callback
[2026-02-24 23:41:33] [DONE] explainability.build_lambda_vol_callback n_concepts=24 outdir=/scratch/vfastovskii/tmp/279962/study_279962/lambda_vol
[2026-02-24 23:41:33] [INFO] final.lambda_vol.build_callback.done
[2026-02-24 23:41:33] [INFO] final.build_model
[FINAL][CONCEPT-RL] enabled (targets_per_task=[8, 8, 8, 8]).
[2026-02-24 23:41:34] [INFO] final.concept_rl.enabled targets_per_task=[8, 8, 8, 8]
[2026-02-24 23:41:34] [INFO] final.output_dir_ready final_dir=/scratch/vfastovskii/tmp/279962/study_279962/final_best_train_vs_leaderboard
[2026-02-24 23:41:34] [START] final.trainer.fit
[2026-02-24 23:41:56] [INFO] explainability.lambda_vol.tcav.compute.start layer_name=mixer_post_norm n_tasks=4 n_concepts=24 concept_source=chem_ace_memberships_from_feature_fusion_2d3dqm
[2026-02-24 23:43:01] [INFO] explainability.lambda_vol.tcav.compute.done layer_name=mixer_post_norm valid_scores=96
[2026-02-24 23:43:45] [INFO] explainability.lambda_vol.tcav.compute.start layer_name=mixer_post_norm n_tasks=4 n_concepts=24 concept_source=chem_ace_memberships_from_feature_fusion_2d3dqm
[2026-02-24 23:44:48] [INFO] explainability.lambda_vol.tcav.compute.done layer_name=mixer_post_norm valid_scores=96
[2026-02-24 23:45:25] [INFO] explainability.lambda_vol.tcav.compute.start layer_name=mixer_post_norm n_tasks=4 n_concepts=24 concept_source=chem_ace_memberships_from_feature_fusion_2d3dqm
[2026-02-24 23:46:25] [INFO] explainability.lambda_vol.tcav.compute.done layer_name=mixer_post_norm valid_scores=96
[2026-02-24 23:47:00] [INFO] explainability.lambda_vol.tcav.compute.start layer_name=mixer_post_norm n_tasks=4 n_concepts=24 concept_source=chem_ace_memberships_from_feature_fusion_2d3dqm
[2026-02-24 23:47:59] [INFO] explainability.lambda_vol.tcav.compute.done layer_name=mixer_post_norm valid_scores=96
[2026-02-24 23:48:36] [INFO] explainability.lambda_vol.tcav.compute.start layer_name=mixer_post_norm n_tasks=4 n_concepts=24 concept_source=chem_ace_memberships_from_feature_fusion_2d3dqm
[2026-02-24 23:49:35] [INFO] explainability.lambda_vol.tcav.compute.done layer_name=mixer_post_norm valid_scores=96
[2026-02-24 23:50:11] [INFO] explainability.lambda_vol.tcav.compute.start layer_name=mixer_post_norm n_tasks=4 n_concepts=24 concept_source=chem_ace_memberships_from_feature_fusion_2d3dqm
[2026-02-24 23:51:11] [INFO] explainability.lambda_vol.tcav.compute.done layer_name=mixer_post_norm valid_scores=96
[2026-02-24 23:51:47] [INFO] explainability.lambda_vol.tcav.compute.start layer_name=mixer_post_norm n_tasks=4 n_concepts=24 concept_source=chem_ace_memberships_from_feature_fusion_2d3dqm
[2026-02-24 23:52:47] [INFO] explainability.lambda_vol.tcav.compute.done layer_name=mixer_post_norm valid_scores=96
[2026-02-24 23:53:22] [INFO] explainability.lambda_vol.tcav.compute.start layer_name=mixer_post_norm n_tasks=4 n_concepts=24 concept_source=chem_ace_memberships_from_feature_fusion_2d3dqm
[2026-02-24 23:54:21] [INFO] explainability.lambda_vol.tcav.compute.done layer_name=mixer_post_norm valid_scores=96
[2026-02-24 23:54:58] [INFO] explainability.lambda_vol.tcav.compute.start layer_name=mixer_post_norm n_tasks=4 n_concepts=24 concept_source=chem_ace_memberships_from_feature_fusion_2d3dqm
[2026-02-24 23:55:59] [INFO] explainability.lambda_vol.tcav.compute.done layer_name=mixer_post_norm valid_scores=96
[2026-02-24 23:56:35] [INFO] explainability.lambda_vol.tcav.compute.start layer_name=mixer_post_norm n_tasks=4 n_concepts=24 concept_source=chem_ace_memberships_from_feature_fusion_2d3dqm
[2026-02-24 23:57:37] [INFO] explainability.lambda_vol.tcav.compute.done layer_name=mixer_post_norm valid_scores=96
[2026-02-24 23:58:15] [INFO] explainability.lambda_vol.tcav.compute.start layer_name=mixer_post_norm n_tasks=4 n_concepts=24 concept_source=chem_ace_memberships_from_feature_fusion_2d3dqm
[2026-02-24 23:59:16] [INFO] explainability.lambda_vol.tcav.compute.done layer_name=mixer_post_norm valid_scores=96
[2026-02-24 23:59:51] [INFO] explainability.lambda_vol.tcav.compute.start layer_name=mixer_post_norm n_tasks=4 n_concepts=24 concept_source=chem_ace_memberships_from_feature_fusion_2d3dqm
[2026-02-25 00:00:53] [INFO] explainability.lambda_vol.tcav.compute.done layer_name=mixer_post_norm valid_scores=96
[2026-02-25 00:01:29] [INFO] explainability.lambda_vol.tcav.compute.start layer_name=mixer_post_norm n_tasks=4 n_concepts=24 concept_source=chem_ace_memberships_from_feature_fusion_2d3dqm
[2026-02-25 00:02:28] [INFO] explainability.lambda_vol.tcav.compute.done layer_name=mixer_post_norm valid_scores=96
[2026-02-25 00:03:05] [INFO] explainability.lambda_vol.tcav.compute.start layer_name=mixer_post_norm n_tasks=4 n_concepts=24 concept_source=chem_ace_memberships_from_feature_fusion_2d3dqm
[2026-02-25 00:04:04] [INFO] explainability.lambda_vol.tcav.compute.done layer_name=mixer_post_norm valid_scores=96
[2026-02-25 00:04:40] [INFO] explainability.lambda_vol.tcav.compute.start layer_name=mixer_post_norm n_tasks=4 n_concepts=24 concept_source=chem_ace_memberships_from_feature_fusion_2d3dqm
[2026-02-25 00:05:40] [INFO] explainability.lambda_vol.tcav.compute.done layer_name=mixer_post_norm valid_scores=96
[2026-02-25 00:06:17] [INFO] explainability.lambda_vol.tcav.compute.start layer_name=mixer_post_norm n_tasks=4 n_concepts=24 concept_source=chem_ace_memberships_from_feature_fusion_2d3dqm
[2026-02-25 00:07:16] [INFO] explainability.lambda_vol.tcav.compute.done layer_name=mixer_post_norm valid_scores=96
[2026-02-25 00:07:55] [INFO] explainability.lambda_vol.tcav.compute.start layer_name=mixer_post_norm n_tasks=4 n_concepts=24 concept_source=chem_ace_memberships_from_feature_fusion_2d3dqm
[2026-02-25 00:08:56] [INFO] explainability.lambda_vol.tcav.compute.done layer_name=mixer_post_norm valid_scores=96
[2026-02-25 00:09:34] [INFO] explainability.lambda_vol.tcav.compute.start layer_name=mixer_post_norm n_tasks=4 n_concepts=24 concept_source=chem_ace_memberships_from_feature_fusion_2d3dqm
[2026-02-25 00:10:33] [INFO] explainability.lambda_vol.tcav.compute.done layer_name=mixer_post_norm valid_scores=96
[2026-02-25 00:11:08] [INFO] explainability.lambda_vol.tcav.compute.start layer_name=mixer_post_norm n_tasks=4 n_concepts=24 concept_source=chem_ace_memberships_from_feature_fusion_2d3dqm
[2026-02-25 00:12:09] [INFO] explainability.lambda_vol.tcav.compute.done layer_name=mixer_post_norm valid_scores=96
[2026-02-25 00:12:44] [INFO] explainability.lambda_vol.tcav.compute.start layer_name=mixer_post_norm n_tasks=4 n_concepts=24 concept_source=chem_ace_memberships_from_feature_fusion_2d3dqm
[2026-02-25 00:13:46] [INFO] explainability.lambda_vol.tcav.compute.done layer_name=mixer_post_norm valid_scores=96
[2026-02-25 00:14:21] [INFO] explainability.lambda_vol.tcav.compute.start layer_name=mixer_post_norm n_tasks=4 n_concepts=24 concept_source=chem_ace_memberships_from_feature_fusion_2d3dqm
[2026-02-25 00:15:21] [INFO] explainability.lambda_vol.tcav.compute.done layer_name=mixer_post_norm valid_scores=96
[2026-02-25 00:15:37] [INFO] explainability.lambda_vol.tcav.compute.start layer_name=mixer_post_norm n_tasks=4 n_concepts=24 concept_source=chem_ace_memberships_from_feature_fusion_2d3dqm
[2026-02-25 00:16:39] [INFO] explainability.lambda_vol.tcav.compute.done layer_name=mixer_post_norm valid_scores=96
[2026-02-25 00:17:14] [INFO] explainability.lambda_vol.tcav.compute.start layer_name=mixer_post_norm n_tasks=4 n_concepts=24 concept_source=chem_ace_memberships_from_feature_fusion_2d3dqm
[2026-02-25 00:18:14] [INFO] explainability.lambda_vol.tcav.compute.done layer_name=mixer_post_norm valid_scores=96
[2026-02-25 00:18:48] [INFO] explainability.lambda_vol.tcav.compute.start layer_name=mixer_post_norm n_tasks=4 n_concepts=24 concept_source=chem_ace_memberships_from_feature_fusion_2d3dqm
[2026-02-25 00:19:47] [INFO] explainability.lambda_vol.tcav.compute.done layer_name=mixer_post_norm valid_scores=96
[2026-02-25 00:20:22] [INFO] explainability.lambda_vol.tcav.compute.start layer_name=mixer_post_norm n_tasks=4 n_concepts=24 concept_source=chem_ace_memberships_from_feature_fusion_2d3dqm
[2026-02-25 00:21:24] [INFO] explainability.lambda_vol.tcav.compute.done layer_name=mixer_post_norm valid_scores=96
[2026-02-25 00:22:02] [INFO] explainability.lambda_vol.tcav.compute.start layer_name=mixer_post_norm n_tasks=4 n_concepts=24 concept_source=chem_ace_memberships_from_feature_fusion_2d3dqm
[2026-02-25 00:23:05] [INFO] explainability.lambda_vol.tcav.compute.done layer_name=mixer_post_norm valid_scores=96
[2026-02-25 00:23:43] [INFO] explainability.lambda_vol.tcav.compute.start layer_name=mixer_post_norm n_tasks=4 n_concepts=24 concept_source=chem_ace_memberships_from_feature_fusion_2d3dqm
[2026-02-25 00:24:45] [INFO] explainability.lambda_vol.tcav.compute.done layer_name=mixer_post_norm valid_scores=96
[2026-02-25 00:25:21] [INFO] explainability.lambda_vol.tcav.compute.start layer_name=mixer_post_norm n_tasks=4 n_concepts=24 concept_source=chem_ace_memberships_from_feature_fusion_2d3dqm
[2026-02-25 00:26:19] [INFO] explainability.lambda_vol.tcav.compute.done layer_name=mixer_post_norm valid_scores=96
[2026-02-25 00:26:56] [INFO] explainability.lambda_vol.tcav.compute.start layer_name=mixer_post_norm n_tasks=4 n_concepts=24 concept_source=chem_ace_memberships_from_feature_fusion_2d3dqm
[2026-02-25 00:27:59] [INFO] explainability.lambda_vol.tcav.compute.done layer_name=mixer_post_norm valid_scores=96
[2026-02-25 00:28:33] [INFO] explainability.lambda_vol.tcav.compute.start layer_name=mixer_post_norm n_tasks=4 n_concepts=24 concept_source=chem_ace_memberships_from_feature_fusion_2d3dqm
[2026-02-25 00:29:36] [INFO] explainability.lambda_vol.tcav.compute.done layer_name=mixer_post_norm valid_scores=96
[2026-02-25 00:30:11] [INFO] explainability.lambda_vol.tcav.compute.start layer_name=mixer_post_norm n_tasks=4 n_concepts=24 concept_source=chem_ace_memberships_from_feature_fusion_2d3dqm
[2026-02-25 00:31:10] [INFO] explainability.lambda_vol.tcav.compute.done layer_name=mixer_post_norm valid_scores=96
[2026-02-25 00:31:45] [INFO] explainability.lambda_vol.tcav.compute.start layer_name=mixer_post_norm n_tasks=4 n_concepts=24 concept_source=chem_ace_memberships_from_feature_fusion_2d3dqm
[2026-02-25 00:32:49] [INFO] explainability.lambda_vol.tcav.compute.done layer_name=mixer_post_norm valid_scores=96
[2026-02-25 00:33:24] [INFO] explainability.lambda_vol.tcav.compute.start layer_name=mixer_post_norm n_tasks=4 n_concepts=24 concept_source=chem_ace_memberships_from_feature_fusion_2d3dqm
[2026-02-25 00:34:25] [INFO] explainability.lambda_vol.tcav.compute.done layer_name=mixer_post_norm valid_scores=96
[2026-02-25 00:35:01] [INFO] explainability.lambda_vol.tcav.compute.start layer_name=mixer_post_norm n_tasks=4 n_concepts=24 concept_source=chem_ace_memberships_from_feature_fusion_2d3dqm
[2026-02-25 00:36:01] [INFO] explainability.lambda_vol.tcav.compute.done layer_name=mixer_post_norm valid_scores=96
[2026-02-25 00:36:38] [INFO] explainability.lambda_vol.tcav.compute.start layer_name=mixer_post_norm n_tasks=4 n_concepts=24 concept_source=chem_ace_memberships_from_feature_fusion_2d3dqm
[2026-02-25 00:37:37] [INFO] explainability.lambda_vol.tcav.compute.done layer_name=mixer_post_norm valid_scores=96
[2026-02-25 00:37:54] [INFO] explainability.lambda_vol.tcav.compute.start layer_name=mixer_post_norm n_tasks=4 n_concepts=24 concept_source=chem_ace_memberships_from_feature_fusion_2d3dqm
[2026-02-25 00:38:58] [INFO] explainability.lambda_vol.tcav.compute.done layer_name=mixer_post_norm valid_scores=96
[2026-02-25 00:39:33] [INFO] explainability.lambda_vol.tcav.compute.start layer_name=mixer_post_norm n_tasks=4 n_concepts=24 concept_source=chem_ace_memberships_from_feature_fusion_2d3dqm
[2026-02-25 00:40:33] [INFO] explainability.lambda_vol.tcav.compute.done layer_name=mixer_post_norm valid_scores=96
[2026-02-25 00:41:08] [INFO] explainability.lambda_vol.tcav.compute.start layer_name=mixer_post_norm n_tasks=4 n_concepts=24 concept_source=chem_ace_memberships_from_feature_fusion_2d3dqm
[2026-02-25 00:42:08] [INFO] explainability.lambda_vol.tcav.compute.done layer_name=mixer_post_norm valid_scores=96
[2026-02-25 00:42:43] [INFO] explainability.lambda_vol.tcav.compute.start layer_name=mixer_post_norm n_tasks=4 n_concepts=24 concept_source=chem_ace_memberships_from_feature_fusion_2d3dqm
[2026-02-25 00:43:42] [INFO] explainability.lambda_vol.tcav.compute.done layer_name=mixer_post_norm valid_scores=96
[2026-02-25 00:44:16] [INFO] explainability.lambda_vol.tcav.compute.start layer_name=mixer_post_norm n_tasks=4 n_concepts=24 concept_source=chem_ace_memberships_from_feature_fusion_2d3dqm
[2026-02-25 00:45:16] [INFO] explainability.lambda_vol.tcav.compute.done layer_name=mixer_post_norm valid_scores=96
[2026-02-25 00:45:50] [INFO] explainability.lambda_vol.tcav.compute.start layer_name=mixer_post_norm n_tasks=4 n_concepts=24 concept_source=chem_ace_memberships_from_feature_fusion_2d3dqm
[2026-02-25 00:46:51] [INFO] explainability.lambda_vol.tcav.compute.done layer_name=mixer_post_norm valid_scores=96
[2026-02-25 00:47:26] [INFO] explainability.lambda_vol.tcav.compute.start layer_name=mixer_post_norm n_tasks=4 n_concepts=24 concept_source=chem_ace_memberships_from_feature_fusion_2d3dqm
[2026-02-25 00:48:25] [INFO] explainability.lambda_vol.tcav.compute.done layer_name=mixer_post_norm valid_scores=96
[2026-02-25 00:48:59] [INFO] explainability.lambda_vol.tcav.compute.start layer_name=mixer_post_norm n_tasks=4 n_concepts=24 concept_source=chem_ace_memberships_from_feature_fusion_2d3dqm
[2026-02-25 00:49:58] [INFO] explainability.lambda_vol.tcav.compute.done layer_name=mixer_post_norm valid_scores=96
[2026-02-25 00:50:14] [INFO] explainability.lambda_vol.tcav.compute.start layer_name=mixer_post_norm n_tasks=4 n_concepts=24 concept_source=chem_ace_memberships_from_feature_fusion_2d3dqm
[2026-02-25 00:51:16] [INFO] explainability.lambda_vol.tcav.compute.done layer_name=mixer_post_norm valid_scores=96
[2026-02-25 00:51:28] [DONE] final.trainer.fit elapsed_s=4193.17
[FINAL] loaded best ckpt: /scratch/vfastovskii/tmp/279962/study_279962/final_best_train_vs_leaderboard/best.ckpt
[2026-02-25 00:51:28] [INFO] final.best_ckpt_loaded path=/scratch/vfastovskii/tmp/279962/study_279962/final_best_train_vs_leaderboard/best.ckpt best_epoch=32
[2026-02-25 00:51:28] [INFO] final.eval.start
[FINAL] leaderboard eval: macro_pr_auc=0.218107 macro_roc_auc=0.681419 pr_aucs=[0.3055169693155117, 0.01576279630360521, 0.5486370475919982, 0.002510814449918951] roc_aucs=[0.8177858225896624, 0.6056514093852533, 0.8251015649686755, 0.47713913547949255]
[2026-02-25 00:51:38] [INFO] final.eval.metrics macro_pr_auc=0.218107 macro_roc_auc=0.681419 best_epoch=32
[2026-02-25 00:51:38] [INFO] final.export.attention.start
[ATTN] wrote 50930 rows -> /scratch/vfastovskii/tmp/279962/study_279962/leaderboard_attn.csv
[2026-02-25 00:51:50] [INFO] final.export.attention.done path=/scratch/vfastovskii/tmp/279962/study_279962/leaderboard_attn.csv
[2026-02-25 00:51:50] [INFO] final.export.text_explanations.start
[EXPLAIN] wrote 50930 rows -> /scratch/vfastovskii/tmp/279962/study_279962/leaderboard_attn_explained.csv
[2026-02-25 00:51:57] [INFO] final.export.text_explanations.done path=/scratch/vfastovskii/tmp/279962/study_279962/leaderboard_attn_explained.csv
[2026-02-25 00:51:57] [INFO] final.export.explainability_payload path=/scratch/vfastovskii/tmp/279962/study_279962/final_best_train_vs_leaderboard/explainability_artifacts.json
[2026-02-25 00:51:57] [DONE] final.run final_dir=/scratch/vfastovskii/tmp/279962/study_279962/final_best_train_vs_leaderboard
[2026-02-25 00:51:59] [DONE] pipeline.final.train_and_eval elapsed_s=17889.71
[2026-02-25 00:51:59] [DONE] pipeline._run_final elapsed_s=17918.30
[2026-02-25 00:51:59] [DONE] pipeline.run_final elapsed_s=17918.33
[2026-02-25 00:51:59] [START] pipeline.cleanup
[2026-02-25 00:55:50] [DONE] pipeline.cleanup elapsed_s=231.24
[2026-02-25 00:55:50] [DONE] pipeline.run elapsed_s=18197.33
[2026-02-25 00:55:50] [DONE] pipeline.main elapsed_s=18197.42
[INFO] Copy results back...
sending incremental file list
./
leaderboard_attn.csv
leaderboard_attn_explained.csv
run_meta.json
chem_ace/
chem_ace/a_priori_tags.csv
chem_ace/a_priori_tags_infer_scope.csv
chem_ace/a_priori_vs_concepts.csv
chem_ace/a_priori_vs_concepts_infer_scope.csv
chem_ace/chem_ace.sqlite3
chem_ace/chem_ace_pipeline_summary.json
chem_ace/artifacts/
chem_ace/artifacts/centroids/
chem_ace/artifacts/centroids/17fd4a10d9e351d6edfa6016d097d9b3a287d730.npy
chem_ace/artifacts/centroids/1e0e0ba942ab96f3f17099bc10c4a591fde49f67.npy
chem_ace/artifacts/centroids/1e3bbc2df165c4a5b5888e2614d3c28b79f721d4.npy
chem_ace/artifacts/centroids/20f66da650a3d2803f782ec3eb2f8023e526e795.npy
chem_ace/artifacts/centroids/4082af2f994b12aa4e638cabd34e74e620466d0f.npy
chem_ace/artifacts/centroids/4cbbd94dd0bd4a2dee5455a9e82044582164905e.npy
chem_ace/artifacts/centroids/5420107153bea32df1fee2eb10fc5e0a00d57877.npy
chem_ace/artifacts/centroids/554f631552e1b4041c5c562e6f0538a5e14030e8.npy
chem_ace/artifacts/centroids/56407116218f0749e970f57c8df14741de03bf22.npy
chem_ace/artifacts/centroids/6a6ca2c780d91f7c847261c5c640c777124f03a5.npy
chem_ace/artifacts/centroids/6d251972afff21dbcef2365ec3acf0cdaf08be90.npy
chem_ace/artifacts/centroids/6df725f2ada5bf1e128d0c7769b6b907628a21f7.npy
chem_ace/artifacts/centroids/73b754708290afbaf15fac556fdd1ec033eaa68b.npy
chem_ace/artifacts/centroids/782f4e97097f432c56addd509ade03fae881ca93.npy
chem_ace/artifacts/centroids/8d9300e39d33f5c718157024e2abdfa86e149122.npy
chem_ace/artifacts/centroids/94d1f28e6311f60206151c218bdad576fe1a4e55.npy
chem_ace/artifacts/centroids/ad19684f69724a6f9e55fea2d14554ca38eb9a07.npy
chem_ace/artifacts/centroids/aefb1c917c580547b8d12798aef0ba6db4804193.npy
chem_ace/artifacts/centroids/b5e210036fc69698aa03678a176393b7cfa15369.npy
chem_ace/artifacts/centroids/cdf210247c091d1ab658580fc34a0842b7eb0989.npy
chem_ace/artifacts/centroids/d8c761a7c1e9516e1314fb3512f9270c52f80821.npy
chem_ace/artifacts/centroids/df7aaca2ad476789b21607c5cff9d77d98b42b61.npy
chem_ace/artifacts/centroids/e35abb8c00077b0857bcb7ffbeebbde093287bdd.npy
chem_ace/artifacts/centroids/ec7d1281fc5e9f5fc544b33cdddc0b71d04b2361.npy
chem_ace/chem_ace_cache/
chem_ace/rules_autogen/
chem_ace/rules_autogen/default_functional_group_rules.dataset.json
chem_ace/rules_autogen/functional_group_fragment_stats.json
final_best_train_vs_leaderboard/
final_best_train_vs_leaderboard/best.ckpt
final_best_train_vs_leaderboard/concept_rl_policy_history.json
final_best_train_vs_leaderboard/explainability_artifacts.json
final_best_train_vs_leaderboard/leaderboard_auc_per_task.csv
final_best_train_vs_leaderboard/leaderboard_eval.json
lambda_vol/
lambda_vol/lambda_vol.sqlite3
lambda_vol/da6e39ce750c31740b539980164e36c33417232a/
lambda_vol/da6e39ce750c31740b539980164e36c33417232a/alerts.json
lambda_vol/da6e39ce750c31740b539980164e36c33417232a/alerts.md
lambda_vol/da6e39ce750c31740b539980164e36c33417232a/concept_coupling_3d.html
lambda_vol/da6e39ce750c31740b539980164e36c33417232a/concept_manifold_Fluorescence_340_450.csv
lambda_vol/da6e39ce750c31740b539980164e36c33417232a/concept_manifold_Fluorescence_340_450.html
lambda_vol/da6e39ce750c31740b539980164e36c33417232a/concept_manifold_Fluorescence_more_than_480.csv
lambda_vol/da6e39ce750c31740b539980164e36c33417232a/concept_manifold_Fluorescence_more_than_480.html
lambda_vol/da6e39ce750c31740b539980164e36c33417232a/concept_manifold_Transmittance_340.csv
lambda_vol/da6e39ce750c31740b539980164e36c33417232a/concept_manifold_Transmittance_340.html
lambda_vol/da6e39ce750c31740b539980164e36c33417232a/concept_manifold_Transmittance_450.csv
lambda_vol/da6e39ce750c31740b539980164e36c33417232a/concept_manifold_Transmittance_450.html
lambda_vol/da6e39ce750c31740b539980164e36c33417232a/concept_pressure_long.csv
lambda_vol/da6e39ce750c31740b539980164e36c33417232a/concept_pressure_tensors.npz
lambda_vol/da6e39ce750c31740b539980164e36c33417232a/concept_xyz.csv
lambda_vol/da6e39ce750c31740b539980164e36c33417232a/diagnostics_summary.md
lambda_vol/da6e39ce750c31740b539980164e36c33417232a/metadata.json
lambda_vol/da6e39ce750c31740b539980164e36c33417232a/pressure_lattice.html
lambda_vol/da6e39ce750c31740b539980164e36c33417232a/pressure_lattice_long.csv
lambda_vol/da6e39ce750c31740b539980164e36c33417232a/recommendations.json
lambda_vol/da6e39ce750c31740b539980164e36c33417232a/ricci_edges_long.csv
lambda_vol/da6e39ce750c31740b539980164e36c33417232a/ricci_flow_tensors.npz
lambda_vol/da6e39ce750c31740b539980164e36c33417232a/ricci_task_summary.csv
lambda_vol/da6e39ce750c31740b539980164e36c33417232a/task_metrics_long.csv
lambda_vol/da6e39ce750c31740b539980164e36c33417232a/trend_vs_dissipation.csv
lambda_vol/da6e39ce750c31740b539980164e36c33417232a/trend_vs_dissipation.html
lambda_vol/da6e39ce750c31740b539980164e36c33417232a/heatmaps/
lambda_vol/da6e39ce750c31740b539980164e36c33417232a/heatmaps/pressure_heatmap_Fluorescence_340_450.html
lambda_vol/da6e39ce750c31740b539980164e36c33417232a/heatmaps/pressure_heatmap_Fluorescence_more_than_480.html
lambda_vol/da6e39ce750c31740b539980164e36c33417232a/heatmaps/pressure_heatmap_Transmittance_340.html
lambda_vol/da6e39ce750c31740b539980164e36c33417232a/heatmaps/pressure_heatmap_Transmittance_450.html

sent 1,220,656,667 bytes  received 1,417 bytes  49,822,778.94 bytes/sec
total size is 1,220,352,509  speedup is 1.00
[INFO] Done. Results in: /scratch/vfastovskii/opt_attn_net_feb/study_279962
[INFO] Cleaning temp: /scratch/vfastovskii/tmp/279962
